Latitude,Longitude,"CORN, GRAIN - ACRES HARVESTED",BARLEY - ACRES HARVESTED,RICE - ACRES HARVESTED,"SUGARCANE, SUGAR - ACRES HARVESTED",WHEAT - ACRES HARVESTED,Crop-Scope1-MMT
44.42,-69.83,45.0,0.0,0.0,0.0,3.0,0.0
37.71,-89.84,26333.0,0.0,0.0,0.0,7916.0,0.11
38.26,-94.35,69386.0,0.0,0.0,0.0,13048.0,0.33
39.4,-95.82,38948.0,0.0,0.0,0.0,1834.0,0.13
43.03,-108.58,1067.0,5075.0,0.0,0.0,0.0,0.01
32.27,-101.92,0.0,0.0,0.0,0.0,0.0,0.0
36.78,-95.62,1536.0,0.0,0.0,0.0,4371.0,0.01
41.92,-96.79,157235.0,0.0,0.0,0.0,0.0,0.87
34.86,-79.49,5765.0,0.0,0.0,0.0,1934.0,0.02
44.35,-103.82,540.0,0.0,0.0,0.0,0.0,0.0
41.32,-84.51,47099.0,0.0,0.0,0.0,13723.0,0.21
31.57,-84.98,1623.0,0.0,0.0,0.0,0.0,0.01
28.7,-81.79,0.0,0.0,0.0,0.0,0.0,0.0
38.56,-94.86,36083.0,0.0,0.0,0.0,4090.0,0.15
33.26,-81.42,2430.0,0.0,0.0,0.0,394.0,0.01
41.57,-101.7,2707.0,0.0,0.0,0.0,0.0,0.01
32.04,-88.7,46.0,0.0,0.0,0.0,0.0,0.0
31.36,-85.99,2317.0,0.0,0.0,0.0,0.0,0.01
43.97,-71.87,0.0,0.0,0.0,0.0,0.0,0.0
44.88,-123.46,0.0,733.0,0.0,0.0,7949.0,0.0
30.89,-85.81,1025.0,0.0,0.0,0.0,1345.0,0.0
34.3,-104.42,0.0,0.0,0.0,0.0,0.0,0.0
34.33,-96.02,0.0,0.0,0.0,0.0,0.0,0.0
43.38,-95.17,86519.0,0.0,0.0,0.0,0.0,0.48
37.29,-92.88,2418.0,0.0,0.0,0.0,110.0,0.01
45.74,-99.25,64814.0,1250.0,0.0,0.0,26659.0,0.24
44.65,-93.5,38670.0,0.0,0.0,0.0,396.0,0.21
35.25,-99.69,0.0,0.0,0.0,0.0,30805.0,0.01
32.84,-109.87,5156.0,1459.0,0.0,0.0,1492.0,0.04
38.18,-86.11,26996.0,0.0,0.0,0.0,2183.0,0.13
39.11,-76.86,9973.0,451.0,0.0,0.0,5447.0,0.04
35.37,-85.71,2136.0,0.0,0.0,0.0,0.0,0.01
42.73,-92.78,175853.0,0.0,0.0,0.0,0.0,0.99
38.98,-110.8,0.0,15.0,0.0,0.0,0.0,0.0
33.94,-90.16,33359.0,0.0,6008.0,0.0,604.0,0.43
40.34,-93.98,63677.0,0.0,0.0,0.0,844.0,0.28
41.31,-95.53,235421.0,0.0,0.0,0.0,0.0,1.32
41.46,-78.19,171.0,0.0,0.0,0.0,0.0,0.0
40.44,-84.61,93883.0,0.0,0.0,0.0,12229.0,0.47
35.03,-79.73,2200.0,0.0,0.0,0.0,387.0,0.01
32.76,-81.63,10332.0,0.0,0.0,0.0,1737.0,0.05
36.67,-79.92,0.0,0.0,0.0,0.0,247.0,0.0
38.84,-83.51,11850.0,0.0,0.0,0.0,1518.0,0.05
34.28,-78.67,33984.0,0.0,0.0,0.0,6702.0,0.12
46.07,-102.53,53999.0,2091.0,0.0,0.0,86227.0,0.09
46.6,-120.51,16550.0,279.0,0.0,0.0,19626.0,0.11
35.17,-86.58,15782.0,0.0,0.0,0.0,6889.0,0.08
37.39,-77.58,436.0,0.0,0.0,0.0,196.0,0.0
39.67,-87.73,145876.0,0.0,0.0,0.0,328.0,0.82
39.52,-89.28,190461.0,0.0,0.0,0.0,2010.0,1.14
35.72,-113.83,0.0,0.0,0.0,0.0,2256.0,0.0
42.81,-73.94,74.0,0.0,0.0,0.0,0.0,0.0
40.51,-85.65,60570.0,0.0,0.0,0.0,2892.0,0.31
34.21,-89.04,3484.0,0.0,0.0,0.0,0.0,0.01
41.67,-95.32,166675.0,0.0,0.0,0.0,0.0,0.99
37.05,-89.55,57508.0,0.0,4501.0,0.0,24055.0,0.53
47.11,-120.58,181.0,374.0,0.0,0.0,1086.0,0.0
32.02,-89.11,90.0,0.0,0.0,0.0,0.0,0.0
45.54,-94.61,182828.0,1693.0,0.0,0.0,4758.0,0.9
38.43,-88.42,119771.0,0.0,0.0,0.0,11673.0,0.51
42.92,-96.97,93558.0,0.0,0.0,0.0,415.0,0.47
33.15,-101.81,10248.0,0.0,0.0,0.0,5894.0,0.03
39.92,-79.67,5839.0,46.0,0.0,0.0,0.0,0.02
39.27,-88.24,58237.0,0.0,0.0,0.0,930.0,0.29
38.85,-91.93,28707.0,0.0,0.0,0.0,9594.0,0.15
36.44,-76.69,4337.0,0.0,0.0,0.0,5135.0,0.02
39.57,-105.26,0.0,0.0,0.0,0.0,0.0,0.0
31.68,-86.32,1481.0,0.0,0.0,0.0,0.0,0.01
39.47,-86.46,43130.0,0.0,0.0,0.0,1953.0,0.21
33.29,-88.12,3058.0,0.0,0.0,0.0,0.0,0.02
34.38,-89.96,6914.0,0.0,6771.0,0.0,449.0,0.34
39.36,-82.06,2559.0,0.0,0.0,0.0,432.0,0.01
42.95,-85.07,66036.0,0.0,0.0,0.0,10906.0,0.31
32.58,-85.31,210.0,0.0,0.0,0.0,0.0,0.0
30.83,-90.07,2222.0,0.0,0.0,0.0,0.0,0.01
46.93,-122.89,0.0,0.0,0.0,0.0,0.0,0.0
30.3,-98.91,2351.0,0.0,0.0,0.0,3522.0,0.01
37.26,-82.03,0.0,0.0,0.0,0.0,0.0,0.0
39.0,-78.84,4458.0,231.0,0.0,0.0,0.0,0.02
33.65,-85.5,492.0,0.0,0.0,0.0,0.0,0.0
42.63,-70.78,104.0,0.0,0.0,0.0,0.0,0.0
34.15,-94.78,3844.0,0.0,0.0,0.0,897.0,0.02
36.72,-98.31,4041.0,0.0,0.0,0.0,195290.0,0.07
27.72,-97.62,24820.0,0.0,0.0,0.0,3012.0,0.06
40.17,-83.77,71909.0,0.0,0.0,0.0,3037.0,0.38
31.76,-84.75,9264.0,0.0,0.0,0.0,2260.0,0.05
38.52,-92.3,5209.0,0.0,0.0,0.0,811.0,0.03
47.0,-122.21,19.0,0.0,0.0,0.0,0.0,0.0
44.29,-101.58,34876.0,996.0,0.0,0.0,45923.0,0.06
40.6,-74.24,2726.0,0.0,0.0,0.0,90.0,0.01
38.36,-82.69,95.0,0.0,0.0,0.0,0.0,0.0
28.8,-96.98,25023.0,0.0,5491.0,0.0,0.0,0.25
46.59,-94.96,15828.0,0.0,0.0,0.0,501.0,0.07
31.73,-91.85,25525.0,0.0,1560.0,0.0,0.0,0.2
26.09,-81.38,81.0,0.0,0.0,0.0,0.0,0.0
40.51,-99.43,160892.0,0.0,0.0,0.0,3897.0,0.99
38.82,-85.43,14244.0,0.0,0.0,0.0,2015.0,0.07
35.39,-102.62,0.0,0.0,0.0,0.0,22721.0,0.0
36.51,-85.53,2023.0,0.0,0.0,0.0,0.0,0.01
34.46,-81.99,91.0,0.0,0.0,0.0,602.0,0.0
37.86,-94.38,68883.0,0.0,0.0,0.0,16077.0,0.29
31.57,-81.91,1623.0,0.0,0.0,0.0,0.0,0.01
37.93,-76.48,13185.0,130.0,0.0,0.0,6742.0,0.06
40.89,-75.72,1675.0,0.0,0.0,0.0,126.0,0.01
38.93,-80.84,16.0,0.0,0.0,0.0,0.0,0.0
39.82,-95.58,111824.0,0.0,0.0,0.0,1548.0,0.46
43.97,-84.85,2337.0,74.0,0.0,0.0,988.0,0.01
38.77,-97.67,7267.0,0.0,0.0,0.0,88244.0,0.05
38.2,-94.86,18701.0,0.0,0.0,0.0,3492.0,0.06
35.35,-78.01,24767.0,0.0,0.0,0.0,17628.0,0.1
32.36,-90.8,3065.0,0.0,0.0,0.0,614.0,0.02
42.59,-72.61,612.0,0.0,0.0,0.0,0.0,0.0
32.78,-97.8,21.0,0.0,0.0,0.0,219.0,0.0
42.24,-77.38,31757.0,1383.0,0.0,0.0,5222.0,0.15
37.91,-91.82,528.0,0.0,0.0,0.0,205.0,0.0
37.62,-84.85,2055.0,0.0,0.0,0.0,0.0,0.01
40.44,-85.02,68075.0,0.0,0.0,0.0,6093.0,0.31
38.74,-77.55,926.0,0.0,0.0,0.0,900.0,0.0
40.61,-75.6,21643.0,446.0,0.0,0.0,5441.0,0.1
36.05,-89.42,42349.0,0.0,0.0,0.0,20366.0,0.22
38.91,-101.76,68462.0,0.0,0.0,0.0,74177.0,0.3
37.85,-113.29,1506.0,0.0,0.0,0.0,596.0,0.01
47.57,-99.65,95691.0,13705.0,0.0,0.0,159105.0,0.43
36.36,-77.01,9063.0,0.0,0.0,0.0,3644.0,0.04
38.3,-78.47,0.0,48.0,0.0,0.0,0.0,0.0
34.19,-90.57,20536.0,0.0,5966.0,0.0,2300.0,0.38
34.99,-93.43,1894.0,0.0,0.0,0.0,0.0,0.01
45.38,-88.04,24450.0,0.0,0.0,0.0,1454.0,0.09
37.63,-98.75,49738.0,0.0,0.0,0.0,157568.0,0.27
41.68,-92.54,135028.0,0.0,0.0,0.0,0.0,0.78
42.84,-113.61,0.0,47296.0,0.0,0.0,31969.0,0.07
34.63,-78.56,20725.0,0.0,0.0,0.0,2753.0,0.08
39.11,-94.77,3086.0,0.0,0.0,0.0,0.0,0.01
38.53,-84.82,744.0,0.0,0.0,0.0,0.0,0.0
39.95,-90.75,32742.0,0.0,0.0,0.0,593.0,0.18
36.39,-86.13,0.0,0.0,0.0,0.0,0.0,0.0
31.97,-81.06,20.0,0.0,0.0,0.0,0.0,0.0
42.66,-90.13,111632.0,417.0,0.0,0.0,1603.0,0.62
34.12,-82.84,0.0,0.0,0.0,0.0,1675.0,0.0
38.47,-99.96,17586.0,0.0,0.0,0.0,103060.0,0.07
29.37,-96.93,3147.0,0.0,1685.0,0.0,0.0,0.06
39.04,-84.36,3706.0,0.0,0.0,0.0,0.0,0.02
40.08,-81.49,4819.0,0.0,0.0,0.0,0.0,0.02
39.58,-83.44,72924.0,0.0,0.0,0.0,4955.0,0.39
48.77,-105.51,0.0,286.0,0.0,0.0,221113.0,0.02
30.52,-82.98,1928.0,0.0,0.0,0.0,0.0,0.01
43.73,-75.44,5478.0,128.0,0.0,0.0,592.0,0.02
40.66,-111.91,0.0,0.0,0.0,0.0,2889.0,0.0
42.32,-88.82,54653.0,0.0,0.0,0.0,875.0,0.29
33.06,-89.05,0.0,0.0,0.0,0.0,0.0,0.0
34.78,-90.78,31063.0,0.0,8196.0,0.0,5383.0,0.52
31.37,-97.82,1657.0,0.0,0.0,0.0,6596.0,0.01
42.43,-94.18,205014.0,0.0,0.0,0.0,0.0,1.13
32.4,-82.57,706.0,0.0,0.0,0.0,0.0,0.0
39.76,-93.56,38976.0,0.0,0.0,0.0,2802.0,0.19
34.13,-83.58,34.0,0.0,0.0,0.0,469.0,0.0
41.39,-98.0,80439.0,0.0,0.0,0.0,460.0,0.4
38.25,-84.86,850.0,0.0,0.0,0.0,0.0,0.0
40.18,-88.79,85067.0,0.0,0.0,0.0,0.0,0.5
38.41,-88.06,43380.0,0.0,0.0,0.0,3031.0,0.2
36.75,-86.19,4522.0,672.0,0.0,0.0,917.0,0.02
42.59,-84.84,53048.0,40.0,0.0,0.0,12043.0,0.26
31.91,-98.53,1060.0,0.0,0.0,0.0,3103.0,0.0
37.6,-81.54,0.0,0.0,0.0,0.0,0.0,0.0
42.74,-95.11,172343.0,0.0,0.0,0.0,0.0,0.91
40.38,-81.46,16801.0,0.0,0.0,0.0,2226.0,0.08
29.33,-100.42,0.0,0.0,0.0,0.0,0.0,0.0
32.16,-81.9,878.0,0.0,0.0,0.0,0.0,0.0
38.75,-77.81,8116.0,977.0,0.0,0.0,985.0,0.04
41.67,-105.68,0.0,0.0,0.0,0.0,8290.0,0.0
36.5,-82.29,257.0,0.0,0.0,0.0,0.0,0.0
33.39,-82.09,0.0,0.0,0.0,0.0,0.0,0.0
45.99,-94.26,71970.0,236.0,0.0,0.0,1449.0,0.33
30.88,-91.4,0.0,0.0,0.0,0.0,0.0,0.0
41.56,-100.5,12768.0,0.0,0.0,0.0,413.0,0.06
35.98,-98.98,0.0,0.0,0.0,0.0,60549.0,0.01
30.69,-88.08,0.0,0.0,0.0,0.0,0.0,0.0
42.38,-93.71,171923.0,0.0,0.0,0.0,0.0,0.95
43.3,-91.4,76753.0,0.0,0.0,0.0,0.0,0.41
42.62,-97.89,122054.0,0.0,0.0,0.0,1052.0,0.53
46.9,-96.51,159122.0,1200.0,0.0,0.0,70262.0,0.74
37.69,-83.94,641.0,0.0,0.0,0.0,0.0,0.0
41.19,-97.57,115514.0,0.0,0.0,0.0,316.0,0.67
38.03,-92.76,641.0,0.0,0.0,0.0,0.0,0.0
36.22,-90.06,23014.0,0.0,16133.0,0.0,21127.0,0.89
46.45,-101.23,43052.0,8050.0,0.0,0.0,176799.0,0.14
44.06,-83.87,16034.0,0.0,0.0,0.0,6987.0,0.07
39.06,-90.96,40277.0,0.0,0.0,0.0,6547.0,0.17
39.37,-93.99,46517.0,0.0,0.0,0.0,3210.0,0.23
41.55,-71.27,94.0,0.0,0.0,0.0,0.0,0.0
41.01,-91.97,69850.0,0.0,0.0,0.0,178.0,0.33
38.09,-99.9,19179.0,0.0,0.0,0.0,95221.0,0.11
46.07,-100.98,15606.0,472.0,0.0,0.0,38504.0,0.05
38.82,-83.02,7406.0,0.0,0.0,0.0,536.0,0.04
45.02,-93.09,0.0,0.0,0.0,0.0,0.0,0.0
30.35,-81.66,0.0,0.0,0.0,0.0,0.0,0.0
40.13,-87.25,89002.0,0.0,0.0,0.0,2101.0,0.46
31.47,-90.9,390.0,0.0,0.0,0.0,0.0,0.0
33.95,-98.71,689.0,0.0,0.0,0.0,55806.0,0.01
34.13,-83.18,0.0,0.0,0.0,0.0,1020.0,0.0
44.06,-99.17,21923.0,0.0,0.0,0.0,1662.0,0.07
39.81,-84.64,73976.0,129.0,0.0,0.0,3724.0,0.37
36.79,-85.38,2150.0,0.0,0.0,0.0,290.0,0.01
32.02,-93.75,0.0,0.0,0.0,0.0,0.0,0.0
48.19,-100.65,40023.0,10686.0,0.0,0.0,116761.0,0.13
31.8,-81.48,127.0,0.0,0.0,0.0,0.0,0.0
45.02,-84.13,993.0,0.0,0.0,0.0,840.0,0.0
35.67,-83.93,1249.0,0.0,0.0,0.0,183.0,0.0
36.07,-96.95,0.0,0.0,0.0,0.0,6560.0,0.0
43.06,-92.32,150995.0,0.0,0.0,0.0,0.0,0.85
33.58,-98.7,0.0,0.0,0.0,0.0,16847.0,0.0
38.52,-82.7,1991.0,0.0,0.0,0.0,260.0,0.01
43.1,-117.69,23065.0,463.0,0.0,0.0,20669.0,0.15
32.71,-99.86,0.0,0.0,0.0,0.0,67055.0,0.01
36.04,-83.46,1609.0,0.0,0.0,0.0,213.0,0.01
30.46,-89.13,32.0,0.0,0.0,0.0,0.0,0.0
38.83,-81.12,0.0,0.0,0.0,0.0,0.0,0.0
37.96,-90.88,153.0,0.0,0.0,0.0,0.0,0.0
41.76,-72.69,2029.0,51.0,0.0,0.0,36.0,0.01
37.31,-102.58,49206.0,0.0,0.0,0.0,133845.0,0.19
40.49,-78.37,9986.0,510.0,0.0,0.0,581.0,0.05
37.17,-94.85,71164.0,0.0,0.0,0.0,60669.0,0.28
47.91,-97.06,110718.0,5215.0,0.0,0.0,127562.0,0.52
35.76,-89.62,15587.0,0.0,0.0,0.0,9218.0,0.08
30.85,-91.04,0.0,0.0,0.0,0.0,0.0,0.0
40.74,-93.8,33112.0,0.0,0.0,0.0,183.0,0.15
41.55,-120.74,0.0,6748.0,0.0,0.0,8090.0,0.01
32.0,-81.42,429.0,0.0,0.0,0.0,0.0,0.0
39.96,-76.73,73883.0,4706.0,0.0,0.0,17598.0,0.36
38.06,-82.73,33.0,0.0,0.0,0.0,0.0,0.0
40.52,-101.69,173747.0,0.0,0.0,0.0,38503.0,0.89
44.72,-95.85,158044.0,0.0,0.0,0.0,4104.0,0.87
34.24,-84.84,770.0,0.0,0.0,0.0,0.0,0.0
42.78,-94.2,113536.0,0.0,0.0,0.0,0.0,0.64
32.56,-84.26,385.0,0.0,0.0,0.0,371.0,0.0
43.22,-124.11,0.0,0.0,0.0,0.0,0.0,0.0
36.59,-75.89,5224.0,0.0,0.0,0.0,1588.0,0.03
42.49,-71.4,0.0,0.0,0.0,0.0,0.0,0.0
37.31,-104.06,0.0,0.0,0.0,0.0,6793.0,0.0
40.81,-89.21,124650.0,112.0,0.0,0.0,2800.0,0.75
38.37,-89.42,116899.0,0.0,0.0,0.0,46645.0,0.45
39.55,-107.88,390.0,0.0,0.0,0.0,325.0,0.0
36.07,-79.4,3203.0,0.0,0.0,0.0,1060.0,0.01
45.12,-94.52,107299.0,308.0,0.0,0.0,1155.0,0.57
37.29,-107.85,586.0,146.0,0.0,0.0,2355.0,0.0
38.34,-81.51,30.0,0.0,0.0,0.0,0.0,0.0
35.23,-87.4,25986.0,0.0,0.0,0.0,6492.0,0.13
42.36,-123.56,3.0,0.0,0.0,0.0,0.0,0.0
40.41,-75.94,50095.0,2895.0,0.0,0.0,9124.0,0.22
33.42,-89.91,8294.0,0.0,0.0,0.0,0.0,0.05
43.42,-82.82,82155.0,0.0,0.0,0.0,44361.0,0.46
44.01,-97.53,78514.0,0.0,0.0,0.0,13581.0,0.34
29.18,-95.5,12553.0,0.0,15271.0,0.0,0.0,0.52
38.08,-89.38,39635.0,0.0,0.0,0.0,23692.0,0.16
42.74,-77.78,30578.0,0.0,0.0,0.0,13528.0,0.15
41.9,-85.54,100831.0,34.0,0.0,0.0,2036.0,0.4
41.31,-94.92,104244.0,0.0,0.0,0.0,0.0,0.54
44.27,-72.61,52.0,0.0,0.0,0.0,114.0,0.0
30.84,-92.26,8557.0,0.0,21364.0,11564.0,0.0,3.01
39.8,-101.76,60480.0,0.0,0.0,0.0,93455.0,0.29
40.34,-78.03,10346.0,290.0,0.0,0.0,1206.0,0.04
46.45,-103.45,6084.0,2241.0,0.0,0.0,117995.0,0.03
31.39,-91.67,17277.0,0.0,11328.0,0.0,0.0,0.59
35.51,-93.89,628.0,0.0,0.0,0.0,0.0,0.0
35.79,-87.46,3865.0,0.0,0.0,0.0,550.0,0.02
41.31,-105.59,17181.0,1128.0,0.0,0.0,73299.0,0.07
34.24,-84.47,158.0,0.0,0.0,0.0,0.0,0.0
28.89,-96.0,32924.0,0.0,12187.0,0.0,0.0,0.58
35.81,-77.09,6755.0,0.0,0.0,0.0,5024.0,0.03
37.78,-78.9,508.0,0.0,0.0,0.0,0.0,0.0
36.71,-82.59,281.0,0.0,0.0,0.0,0.0,0.0
34.38,-98.94,2345.0,0.0,0.0,0.0,73896.0,0.02
42.29,-85.59,50140.0,0.0,0.0,0.0,2835.0,0.22
41.54,-96.25,97790.0,0.0,0.0,0.0,100.0,0.5
39.87,-77.24,24230.0,1094.0,0.0,0.0,8318.0,0.11
30.87,-83.95,3349.0,0.0,0.0,0.0,355.0,0.01
40.62,-111.49,28349.0,202.0,0.0,0.0,12996.0,0.14
41.64,-85.42,51187.0,235.0,0.0,0.0,1036.0,0.22
42.51,-103.77,15954.0,0.0,0.0,0.0,2756.0,0.08
40.49,-92.97,14376.0,0.0,0.0,0.0,185.0,0.06
35.97,-88.93,62187.0,0.0,0.0,0.0,45590.0,0.31
40.28,-74.7,2095.0,0.0,0.0,0.0,171.0,0.01
28.85,-82.51,0.0,0.0,0.0,0.0,0.0,0.0
46.08,-92.75,9756.0,126.0,0.0,0.0,280.0,0.04
39.95,-75.16,0.0,0.0,0.0,0.0,0.0,0.0
35.23,-93.72,0.0,0.0,0.0,0.0,0.0,0.0
34.41,-84.14,262.0,0.0,0.0,0.0,0.0,0.0
39.13,-86.52,4854.0,0.0,0.0,0.0,79.0,0.02
43.36,-87.96,7575.0,0.0,0.0,0.0,2711.0,0.04
41.15,-81.53,2756.0,0.0,0.0,0.0,440.0,0.01
34.8,-77.42,8099.0,0.0,0.0,0.0,1775.0,0.03
44.11,-89.23,26078.0,0.0,0.0,0.0,891.0,0.12
32.61,-82.29,1329.0,0.0,0.0,0.0,1227.0,0.01
47.12,-119.49,42765.0,2979.0,0.0,0.0,153815.0,0.32
31.63,-81.48,0.0,0.0,0.0,0.0,0.0,0.0
33.22,-82.7,6638.0,0.0,0.0,0.0,0.0,0.04
37.27,-92.48,0.0,0.0,0.0,0.0,0.0,0.0
39.77,-87.22,60016.0,0.0,0.0,0.0,1472.0,0.31
44.68,-84.62,0.0,0.0,0.0,0.0,0.0,0.0
40.78,-80.76,22557.0,115.0,0.0,0.0,4806.0,0.1
42.06,-91.6,144179.0,0.0,0.0,0.0,0.0,0.89
37.31,-80.71,60.0,0.0,0.0,0.0,0.0,0.0
39.75,-81.5,521.0,0.0,0.0,0.0,0.0,0.0
43.15,-77.68,21922.0,0.0,0.0,0.0,10557.0,0.11
34.06,-84.3,9.0,0.0,0.0,0.0,0.0,0.0
44.89,-89.77,66817.0,580.0,0.0,0.0,2532.0,0.27
30.21,-91.31,0.0,0.0,0.0,36351.0,0.0,6.62
34.6,-99.44,0.0,0.0,0.0,0.0,108647.0,0.02
45.48,-92.88,25848.0,0.0,0.0,0.0,281.0,0.12
40.69,-89.59,104430.0,0.0,0.0,0.0,856.0,0.64
43.92,-99.86,42088.0,0.0,0.0,0.0,65618.0,0.12
47.77,-119.61,401.0,884.0,0.0,0.0,156829.0,0.06
36.62,-96.4,2414.0,0.0,0.0,0.0,10963.0,0.01
39.9,-103.15,121491.0,0.0,0.0,0.0,219114.0,0.36
32.27,-85.2,2012.0,0.0,0.0,0.0,0.0,0.01
37.56,-80.52,466.0,0.0,0.0,0.0,223.0,0.0
36.7,-85.73,4074.0,0.0,0.0,0.0,663.0,0.02
39.79,-82.64,59710.0,46.0,0.0,0.0,5778.0,0.3
31.17,-99.39,900.0,0.0,0.0,0.0,27802.0,0.01
39.35,-99.32,12890.0,0.0,0.0,0.0,100212.0,0.06
40.9,-96.19,141791.0,0.0,0.0,0.0,527.0,0.72
41.56,-98.53,74757.0,0.0,0.0,0.0,326.0,0.37
30.8,-85.21,4269.0,0.0,0.0,0.0,521.0,0.02
35.67,-95.97,818.0,0.0,0.0,0.0,1369.0,0.0
35.83,-100.81,0.0,0.0,0.0,0.0,4239.0,0.0
45.21,-109.14,3712.0,11896.0,0.0,0.0,5457.0,0.03
40.57,-74.62,1112.0,0.0,0.0,0.0,1154.0,0.0
38.18,-79.15,19130.0,734.0,0.0,0.0,3106.0,0.09
42.65,-73.75,1347.0,0.0,0.0,0.0,0.0,0.01
38.39,-75.64,24766.0,310.0,0.0,0.0,3338.0,0.11
46.21,-90.68,1667.0,0.0,0.0,0.0,0.0,0.0
38.07,-84.74,1930.0,0.0,0.0,0.0,492.0,0.01
41.91,-97.6,140001.0,0.0,0.0,0.0,191.0,0.76
32.73,-84.91,59.0,0.0,0.0,0.0,0.0,0.0
34.06,-79.4,4825.0,0.0,0.0,0.0,707.0,0.01
40.99,-83.66,66306.0,0.0,0.0,0.0,16791.0,0.32
35.89,-97.46,0.0,0.0,0.0,0.0,40185.0,0.01
34.63,-83.76,55.0,0.0,0.0,0.0,0.0,0.0
38.05,-87.58,26347.0,0.0,0.0,0.0,2307.0,0.15
46.1,-98.53,164970.0,2403.0,0.0,0.0,23115.0,0.76
39.79,-96.53,125072.0,0.0,0.0,0.0,18012.0,0.36
35.75,-90.09,17558.0,0.0,51935.0,0.0,9887.0,2.59
38.25,-78.01,5281.0,427.0,0.0,0.0,975.0,0.02
40.88,-99.85,168874.0,0.0,0.0,0.0,2161.0,1.01
38.12,-83.07,120.0,0.0,0.0,0.0,0.0,0.0
39.78,-98.22,56817.0,0.0,0.0,0.0,68994.0,0.23
46.19,-86.18,0.0,0.0,0.0,0.0,0.0,0.0
42.21,-103.07,73378.0,0.0,0.0,0.0,79026.0,0.34
40.56,-85.66,5624.0,0.0,0.0,0.0,149.0,0.03
41.56,-103.74,23659.0,750.0,0.0,0.0,49746.0,0.1
35.47,-79.15,1106.0,0.0,0.0,0.0,817.0,0.0
41.54,-97.54,172895.0,0.0,0.0,0.0,890.0,0.95
43.08,-93.74,194587.0,0.0,0.0,0.0,0.0,1.1
32.69,-98.82,0.0,0.0,0.0,0.0,1506.0,0.0
39.06,-108.57,5111.0,0.0,0.0,0.0,2821.0,0.03
34.03,-101.28,12016.0,0.0,0.0,0.0,71830.0,0.07
43.37,-90.46,35063.0,0.0,0.0,0.0,792.0,0.15
38.13,-82.43,109.0,0.0,0.0,0.0,0.0,0.0
38.86,-75.82,36408.0,4059.0,0.0,0.0,17982.0,0.18
35.94,-80.55,7085.0,279.0,0.0,0.0,3089.0,0.03
47.86,-96.1,21089.0,3863.0,0.0,0.0,56595.0,0.11
37.62,-76.59,5445.0,0.0,0.0,0.0,2076.0,0.02
36.34,-85.29,416.0,0.0,0.0,0.0,0.0,0.0
39.24,-89.93,164851.0,0.0,0.0,0.0,5868.0,0.87
33.52,-90.29,42794.0,0.0,1996.0,0.0,0.0,0.32
42.25,-85.02,69426.0,0.0,0.0,0.0,4491.0,0.27
44.01,-98.08,57386.0,0.0,0.0,0.0,1694.0,0.22
35.94,-81.53,1004.0,0.0,0.0,0.0,793.0,0.0
30.81,-93.74,29.0,0.0,0.0,0.0,0.0,0.0
39.88,-87.46,46972.0,0.0,0.0,0.0,1044.0,0.25
31.17,-90.41,46.0,0.0,0.0,0.0,0.0,0.0
41.03,-87.11,130331.0,0.0,0.0,0.0,1320.0,0.69
32.72,-117.16,214.0,0.0,0.0,0.0,0.0,0.0
40.69,-83.68,88792.0,0.0,0.0,0.0,8994.0,0.39
32.25,-84.32,190.0,0.0,0.0,0.0,0.0,0.0
44.0,-72.38,43.0,0.0,0.0,0.0,0.0,0.0
38.65,-95.73,47667.0,0.0,0.0,0.0,6662.0,0.18
44.72,-94.91,264229.0,274.0,0.0,0.0,2290.0,1.54
36.25,-99.79,444.0,0.0,0.0,0.0,18841.0,0.01
37.55,-77.91,1166.0,0.0,0.0,0.0,313.0,0.0
33.75,-85.83,416.0,0.0,0.0,0.0,328.0,0.0
38.44,-102.76,26280.0,0.0,0.0,0.0,168831.0,0.1
33.88,-82.28,0.0,0.0,0.0,0.0,0.0,0.0
36.74,-83.65,35.0,0.0,0.0,0.0,0.0,0.0
36.5,-86.85,35323.0,0.0,0.0,0.0,30031.0,0.18
30.82,-83.26,925.0,0.0,0.0,0.0,0.0,0.0
37.48,-86.86,23210.0,0.0,0.0,0.0,1615.0,0.13
48.38,-113.97,0.0,2714.0,0.0,0.0,22854.0,0.01
39.28,-80.38,0.0,0.0,0.0,0.0,0.0,0.0
34.53,-82.65,1268.0,0.0,0.0,0.0,2705.0,0.0
38.71,-87.71,94865.0,0.0,0.0,0.0,5252.0,0.45
44.78,-88.71,44955.0,448.0,0.0,0.0,3933.0,0.19
35.28,-82.18,18.0,0.0,0.0,0.0,0.0,0.0
36.41,-105.57,0.0,0.0,0.0,0.0,0.0,0.0
36.72,-88.66,62317.0,0.0,0.0,0.0,17360.0,0.31
42.74,-93.73,182136.0,0.0,0.0,0.0,0.0,1.04
48.36,-103.5,5075.0,11521.0,0.0,0.0,321536.0,0.07
41.48,-81.19,3636.0,8.0,0.0,0.0,1109.0,0.01
34.5,-84.9,2823.0,0.0,0.0,0.0,0.0,0.01
31.34,-84.46,6182.0,0.0,0.0,0.0,0.0,0.03
40.61,-86.11,63435.0,0.0,0.0,0.0,3958.0,0.32
42.78,-76.84,26593.0,1040.0,0.0,0.0,5882.0,0.12
37.37,-75.93,7621.0,0.0,0.0,0.0,8976.0,0.04
33.41,-88.89,0.0,0.0,0.0,0.0,0.0,0.0
40.1,-95.21,86538.0,0.0,0.0,0.0,263.0,0.48
38.3,-80.03,102.0,0.0,0.0,0.0,0.0,0.0
34.55,-83.3,155.0,0.0,0.0,0.0,0.0,0.0
34.69,-84.45,322.0,0.0,0.0,0.0,0.0,0.0
40.74,-95.16,120638.0,0.0,0.0,0.0,0.0,0.64
34.46,-85.37,497.0,0.0,0.0,0.0,0.0,0.0
41.48,-91.12,88893.0,0.0,0.0,0.0,79.0,0.51
31.96,-97.09,102992.0,0.0,0.0,0.0,38929.0,0.31
36.74,-86.58,32239.0,309.0,0.0,0.0,20887.0,0.18
43.32,-99.89,67292.0,0.0,0.0,0.0,35118.0,0.16
37.23,-78.46,467.0,0.0,0.0,0.0,165.0,0.0
36.45,-86.47,8486.0,0.0,0.0,0.0,7134.0,0.05
35.82,-76.21,19063.0,0.0,0.0,0.0,9916.0,0.09
38.38,-79.59,0.0,0.0,0.0,0.0,0.0,0.0
36.52,-86.01,4512.0,0.0,0.0,0.0,1632.0,0.02
36.38,-95.62,741.0,0.0,0.0,0.0,1878.0,0.0
34.37,-83.22,221.0,0.0,0.0,0.0,496.0,0.0
35.59,-85.21,2323.0,0.0,0.0,0.0,314.0,0.01
38.69,-84.08,732.0,0.0,0.0,0.0,0.0,0.0
33.57,-102.31,12398.0,0.0,0.0,0.0,1477.0,0.04
34.02,-80.92,6692.0,0.0,0.0,0.0,1581.0,0.03
38.28,-77.18,3426.0,0.0,0.0,0.0,0.0,0.01
32.09,-88.22,2882.0,0.0,0.0,0.0,0.0,0.01
37.1,-84.11,829.0,0.0,0.0,0.0,0.0,0.0
44.02,-93.59,113225.0,0.0,0.0,0.0,102.0,0.67
38.91,-101.16,84372.0,0.0,0.0,0.0,87568.0,0.26
40.54,-77.43,11350.0,287.0,0.0,0.0,2678.0,0.05
39.71,-90.19,131605.0,0.0,0.0,0.0,740.0,0.73
35.43,-88.6,3181.0,0.0,0.0,0.0,715.0,0.01
44.87,-116.46,0.0,0.0,0.0,0.0,0.0,0.0
37.06,-80.73,0.0,0.0,0.0,0.0,0.0,0.0
33.89,-84.86,14.0,0.0,0.0,0.0,0.0,0.0
35.49,-86.07,17834.0,0.0,0.0,0.0,4310.0,0.09
34.69,-81.64,0.0,0.0,0.0,0.0,0.0,0.0
35.08,-77.04,21397.0,0.0,0.0,0.0,2008.0,0.09
33.77,-89.77,1212.0,0.0,0.0,0.0,0.0,0.0
44.56,-94.21,161804.0,634.0,0.0,0.0,1154.0,0.92
38.46,-91.87,10415.0,68.0,0.0,0.0,792.0,0.05
32.7,-84.51,0.0,0.0,0.0,0.0,0.0,0.0
36.21,-83.27,1601.0,0.0,0.0,0.0,676.0,0.01
44.49,-123.41,0.0,15.0,0.0,0.0,2743.0,0.0
43.97,-85.79,856.0,0.0,0.0,0.0,210.0,0.0
46.22,-88.55,0.0,150.0,0.0,0.0,192.0,0.0
32.23,-89.95,828.0,0.0,0.0,0.0,0.0,0.0
37.34,-85.31,12479.0,0.0,0.0,0.0,250.0,0.06
31.56,-89.84,680.0,0.0,0.0,0.0,0.0,0.0
36.96,-85.93,20662.0,0.0,0.0,0.0,1313.0,0.1
32.23,-83.47,682.0,0.0,0.0,0.0,539.0,0.0
45.9,-93.29,18313.0,20.0,0.0,0.0,642.0,0.08
28.31,-98.55,1500.0,0.0,0.0,0.0,0.0,0.0
41.1,-85.06,82869.0,0.0,0.0,0.0,10760.0,0.4
44.4,-116.74,2256.0,933.0,0.0,0.0,6730.0,0.02
30.45,-83.45,5741.0,0.0,0.0,0.0,0.0,0.03
31.76,-84.13,5349.0,0.0,0.0,0.0,1560.0,0.03
48.24,-112.12,3541.0,50625.0,0.0,0.0,164644.0,0.08
32.7,-102.62,5100.0,0.0,0.0,0.0,10368.0,0.03
32.2,-87.76,1800.0,0.0,0.0,0.0,761.0,0.01
39.27,-82.47,2415.0,0.0,0.0,0.0,0.0,0.01
34.35,-89.47,1283.0,0.0,0.0,0.0,0.0,0.01
30.2,-92.03,633.0,0.0,4683.0,6337.0,0.0,1.3
34.8,-84.97,325.0,0.0,0.0,0.0,0.0,0.0
31.08,-93.2,0.0,0.0,0.0,0.0,0.0,0.0
36.28,-83.51,459.0,0.0,0.0,0.0,0.0,0.0
33.87,-83.1,0.0,0.0,0.0,0.0,599.0,0.0
40.12,-88.24,277293.0,0.0,0.0,0.0,3371.0,1.58
40.86,-79.9,18178.0,112.0,0.0,0.0,2332.0,0.07
36.34,-93.51,0.0,0.0,0.0,0.0,0.0,0.0
41.17,-75.97,5899.0,0.0,0.0,0.0,1236.0,0.02
40.45,-82.41,45442.0,70.0,0.0,0.0,3028.0,0.22
42.89,-74.41,7365.0,202.0,0.0,0.0,267.0,0.03
35.45,-93.05,1186.0,0.0,2824.0,0.0,979.0,0.14
40.75,-91.97,43534.0,0.0,0.0,0.0,298.0,0.18
39.42,-84.18,17825.0,0.0,0.0,0.0,1550.0,0.1
39.51,-80.23,20.0,0.0,0.0,0.0,0.0,0.0
45.51,-84.86,474.0,60.0,0.0,0.0,129.0,0.0
35.72,-79.25,1523.0,340.0,0.0,0.0,1290.0,0.01
35.25,-91.72,4552.0,0.0,10857.0,0.0,1323.0,0.47
47.62,-92.44,340.0,212.0,0.0,0.0,0.0,0.0
40.88,-72.86,925.0,26.0,0.0,0.0,244.0,0.0
33.7,-94.21,9271.0,0.0,0.0,0.0,4107.0,0.04
36.92,-80.39,242.0,0.0,0.0,0.0,0.0,0.0
44.99,-85.11,1506.0,0.0,0.0,0.0,286.0,0.01
40.44,-83.74,66626.0,0.0,0.0,0.0,4593.0,0.33
36.84,-81.54,99.0,0.0,0.0,0.0,0.0,0.0
45.89,-91.8,9237.0,0.0,0.0,0.0,0.0,0.04
35.99,-77.98,2614.0,0.0,0.0,0.0,3198.0,0.01
40.17,-98.97,95304.0,0.0,0.0,0.0,6115.0,0.47
41.52,-93.1,29729.0,0.0,0.0,0.0,0.0,0.13
31.15,-88.98,247.0,0.0,0.0,0.0,0.0,0.0
39.02,-87.0,50214.0,0.0,0.0,0.0,386.0,0.24
38.18,-83.4,292.0,0.0,0.0,0.0,0.0,0.0
29.84,-96.96,11570.0,0.0,0.0,0.0,0.0,0.03
48.7,-94.85,0.0,1328.0,0.0,0.0,7628.0,0.0
30.79,-102.81,0.0,0.0,0.0,0.0,0.0,0.0
48.01,-121.73,0.0,791.0,0.0,0.0,271.0,0.0
39.06,-93.82,103352.0,0.0,0.0,0.0,2383.0,0.59
37.21,-100.4,73664.0,0.0,0.0,0.0,77096.0,0.42
46.47,-91.2,914.0,1451.0,0.0,0.0,975.0,0.0
31.49,-91.33,1724.0,0.0,0.0,0.0,0.0,0.01
37.37,-77.06,7063.0,0.0,0.0,0.0,3450.0,0.03
33.16,-100.25,0.0,0.0,0.0,0.0,4411.0,0.0
37.33,-78.01,4371.0,432.0,0.0,0.0,1749.0,0.02
32.41,-82.09,89.0,0.0,0.0,0.0,576.0,0.0
34.23,-114.19,0.0,0.0,0.0,0.0,3805.0,0.0
41.19,-103.7,35705.0,825.0,0.0,0.0,93586.0,0.1
43.19,-112.36,2863.0,19764.0,0.0,0.0,135883.0,0.14
39.0,-85.64,27072.0,0.0,0.0,0.0,2168.0,0.13
35.71,-79.8,6778.0,581.0,0.0,0.0,3492.0,0.02
36.39,-75.91,11780.0,0.0,0.0,0.0,5100.0,0.06
40.82,-90.91,88056.0,0.0,0.0,0.0,996.0,0.54
30.96,-95.95,2749.0,0.0,0.0,0.0,0.0,0.01
41.53,-79.26,205.0,0.0,0.0,0.0,0.0,0.0
43.94,-90.64,48953.0,327.0,0.0,0.0,758.0,0.21
37.76,-76.47,5102.0,0.0,0.0,0.0,853.0,0.02
35.39,-76.13,31495.0,0.0,0.0,0.0,8085.0,0.16
41.17,-98.05,109141.0,0.0,0.0,0.0,994.0,0.58
29.48,-81.29,0.0,0.0,0.0,0.0,0.0,0.0
38.95,-96.2,22056.0,0.0,0.0,0.0,2053.0,0.09
40.48,-86.14,59882.0,0.0,0.0,0.0,1558.0,0.31
37.1,-93.85,9355.0,630.0,0.0,0.0,8587.0,0.04
35.95,-95.56,2215.0,960.0,0.0,0.0,11690.0,0.01
32.84,-83.63,3794.0,0.0,0.0,0.0,4125.0,0.02
46.94,-117.53,695.0,41643.0,0.0,0.0,524203.0,0.29
38.96,-109.66,0.0,0.0,0.0,0.0,0.0,0.0
42.09,-104.99,6606.0,1017.0,0.0,0.0,7591.0,0.03
33.22,-82.61,0.0,0.0,0.0,0.0,1045.0,0.0
39.12,-75.48,55961.0,8433.0,0.0,0.0,18932.0,0.29
44.34,-85.57,4934.0,0.0,0.0,0.0,0.0,0.02
38.31,-87.58,90174.0,0.0,0.0,0.0,13478.0,0.51
40.05,-86.47,92504.0,0.0,0.0,0.0,2043.0,0.48
34.97,-80.1,7351.0,0.0,0.0,0.0,6993.0,0.03
40.74,-87.83,318759.0,0.0,0.0,0.0,7569.0,1.72
27.92,-82.35,303.0,0.0,0.0,0.0,0.0,0.0
38.05,-89.81,61926.0,0.0,0.0,0.0,31098.0,0.24
44.45,-90.02,19730.0,242.0,0.0,0.0,1633.0,0.07
38.05,-100.82,137438.0,0.0,0.0,0.0,139262.0,0.67
36.41,-80.23,1364.0,0.0,0.0,0.0,371.0,0.0
27.81,-98.11,16767.0,0.0,0.0,0.0,0.0,0.05
40.87,-74.56,669.0,0.0,0.0,0.0,0.0,0.0
35.3,-90.78,13964.0,0.0,63845.0,0.0,4645.0,2.82
36.14,-85.46,123.0,0.0,0.0,0.0,0.0,0.0
41.81,-79.27,1997.0,0.0,0.0,0.0,21.0,0.01
31.4,-88.2,832.0,0.0,0.0,0.0,0.0,0.0
48.05,-96.08,9725.0,6448.0,0.0,0.0,60631.0,0.07
37.62,-93.41,4224.0,0.0,0.0,0.0,1400.0,0.02
43.01,-78.18,25004.0,139.0,0.0,0.0,9975.0,0.12
38.33,-113.28,2140.0,0.0,0.0,0.0,0.0,0.01
45.45,-70.1,867.0,0.0,0.0,0.0,3.0,0.01
37.22,-83.16,0.0,0.0,0.0,0.0,0.0,0.0
46.26,-100.26,93971.0,7019.0,0.0,0.0,65294.0,0.3
43.66,-97.79,92874.0,0.0,0.0,0.0,3579.0,0.4
37.11,-84.59,9200.0,0.0,0.0,0.0,1363.0,0.04
39.44,-92.5,21607.0,0.0,0.0,0.0,4887.0,0.11
44.46,-89.51,44876.0,0.0,0.0,0.0,496.0,0.21
34.05,-96.78,10.0,0.0,0.0,0.0,1306.0,0.0
45.23,-123.22,0.0,86.0,0.0,0.0,1730.0,0.0
33.95,-99.73,0.0,0.0,0.0,0.0,24671.0,0.0
42.33,-88.46,92962.0,0.0,0.0,0.0,2910.0,0.46
43.08,-75.75,13679.0,1279.0,0.0,0.0,1401.0,0.06
35.15,-92.32,1472.0,0.0,1076.0,0.0,0.0,0.05
44.08,-88.21,23378.0,124.0,0.0,0.0,6598.0,0.12
41.88,-84.6,67520.0,0.0,0.0,0.0,9216.0,0.3
37.51,-87.67,42708.0,0.0,0.0,0.0,1138.0,0.2
40.25,-96.7,193150.0,0.0,0.0,0.0,5559.0,0.82
41.27,-77.7,6593.0,0.0,0.0,0.0,1444.0,0.03
44.72,-92.38,67989.0,166.0,0.0,0.0,0.0,0.36
33.08,-84.4,0.0,0.0,0.0,0.0,0.0,0.0
47.45,-98.26,47527.0,6289.0,0.0,0.0,66520.0,0.24
34.02,-95.52,1285.0,0.0,0.0,0.0,0.0,0.01
38.37,-97.66,52503.0,0.0,0.0,0.0,184103.0,0.24
44.5,-75.07,10224.0,383.0,0.0,0.0,0.0,0.04
41.01,-92.41,58267.0,0.0,0.0,0.0,0.0,0.26
34.03,-99.21,191.0,0.0,0.0,0.0,64099.0,0.01
34.88,-83.43,57.0,0.0,0.0,0.0,0.0,0.0
29.3,-82.78,850.0,0.0,0.0,0.0,0.0,0.0
38.41,-78.28,6532.0,582.0,0.0,0.0,821.0,0.03
44.93,-91.9,83439.0,274.0,0.0,0.0,194.0,0.41
36.28,-82.12,260.0,0.0,0.0,0.0,0.0,0.0
37.82,-83.82,1345.0,0.0,0.0,0.0,0.0,0.01
37.34,-91.98,266.0,0.0,0.0,0.0,262.0,0.0
41.1,-81.94,13987.0,0.0,0.0,0.0,2743.0,0.05
39.04,-94.36,17741.0,0.0,0.0,0.0,1485.0,0.09
36.74,-93.46,385.0,0.0,0.0,0.0,0.0,0.0
41.14,-73.26,231.0,0.0,0.0,0.0,15.0,0.0
41.23,-96.65,209388.0,0.0,0.0,0.0,1120.0,1.1
38.06,-88.16,92677.0,0.0,0.0,0.0,8601.0,0.49
38.5,-85.42,2257.0,0.0,0.0,0.0,255.0,0.01
32.78,-81.96,1319.0,0.0,0.0,0.0,0.0,0.01
39.29,-76.61,18368.0,814.0,0.0,0.0,4660.0,0.09
39.51,-74.66,677.0,0.0,0.0,0.0,0.0,0.0
43.95,-89.78,17310.0,0.0,0.0,0.0,489.0,0.07
38.32,-85.9,4240.0,0.0,0.0,0.0,73.0,0.02
39.14,-77.21,11977.0,0.0,0.0,0.0,7758.0,0.06
39.08,-85.27,38774.0,0.0,0.0,0.0,1808.0,0.19
37.78,-90.51,937.0,0.0,0.0,0.0,653.0,0.0
42.95,-106.85,1805.0,602.0,0.0,0.0,675.0,0.01
48.77,-98.5,16631.0,15798.0,0.0,0.0,295858.0,0.2
41.02,-94.25,61576.0,0.0,0.0,0.0,0.0,0.24
47.58,-105.85,4012.0,4640.0,0.0,0.0,187518.0,0.02
36.98,-85.63,3752.0,0.0,0.0,0.0,119.0,0.02
38.71,-88.09,66488.0,0.0,0.0,0.0,7627.0,0.28
26.99,-99.17,0.0,0.0,0.0,0.0,0.0,0.0
38.73,-93.82,45587.0,0.0,0.0,0.0,7725.0,0.22
32.96,-81.34,7807.0,0.0,0.0,0.0,1150.0,0.03
39.04,-113.09,6027.0,3246.0,0.0,0.0,6097.0,0.04
46.39,-106.63,778.0,4142.0,0.0,0.0,17688.0,0.01
32.79,-79.94,1032.0,0.0,0.0,0.0,0.0,0.0
34.9,-83.72,0.0,0.0,0.0,0.0,0.0,0.0
38.68,-87.08,89756.0,0.0,0.0,0.0,1151.0,0.5
36.81,-79.44,2405.0,653.0,0.0,0.0,6023.0,0.01
40.17,-101.04,64659.0,0.0,0.0,0.0,56613.0,0.25
42.39,-76.87,3693.0,218.0,0.0,0.0,1177.0,0.02
34.96,-81.17,185.0,0.0,0.0,0.0,1775.0,0.0
40.51,-89.54,140629.0,0.0,0.0,0.0,1714.0,0.87
40.47,-85.33,33349.0,0.0,0.0,0.0,2157.0,0.17
42.94,-84.61,52562.0,24.0,0.0,0.0,15555.0,0.23
38.69,-78.15,0.0,0.0,0.0,0.0,0.0,0.0
30.3,-95.51,21.0,0.0,0.0,0.0,0.0,0.0
33.08,-89.57,1510.0,0.0,0.0,0.0,0.0,0.01
38.58,-121.49,11387.0,0.0,3170.0,0.0,2499.0,0.22
44.56,-74.33,4463.0,309.0,0.0,0.0,30.0,0.02
41.2,-101.69,102772.0,0.0,0.0,0.0,32601.0,0.44
36.29,-98.5,5402.0,0.0,0.0,0.0,76549.0,0.05
33.57,-99.2,0.0,0.0,0.0,0.0,51505.0,0.01
34.95,-77.93,38905.0,0.0,0.0,0.0,12234.0,0.15
41.4,-85.42,69560.0,0.0,0.0,0.0,3383.0,0.36
35.31,-79.48,1803.0,0.0,0.0,0.0,1047.0,0.01
40.61,-77.62,11181.0,435.0,0.0,0.0,768.0,0.05
39.6,-110.65,0.0,0.0,0.0,0.0,0.0,0.0
38.3,-86.44,2020.0,0.0,0.0,0.0,0.0,0.01
31.53,-84.61,9331.0,0.0,0.0,0.0,0.0,0.05
36.38,-91.81,450.0,0.0,0.0,0.0,0.0,0.0
35.36,-101.34,30309.0,0.0,0.0,0.0,59821.0,0.16
44.99,-96.2,163114.0,142.0,0.0,0.0,3300.0,0.86
45.58,-98.37,319973.0,0.0,0.0,0.0,13635.0,1.4
41.16,-84.59,48387.0,0.0,0.0,0.0,21838.0,0.21
33.62,-89.26,2885.0,0.0,0.0,0.0,0.0,0.01
41.67,-94.91,112900.0,0.0,0.0,0.0,0.0,0.65
30.76,-94.82,14.0,0.0,0.0,0.0,106.0,0.0
32.13,-82.33,4186.0,0.0,0.0,0.0,644.0,0.02
40.15,-77.28,32689.0,2893.0,0.0,0.0,7867.0,0.15
35.22,-87.03,9585.0,0.0,0.0,0.0,2103.0,0.05
36.82,-94.82,10198.0,0.0,0.0,0.0,14979.0,0.04
44.01,-94.06,168936.0,0.0,0.0,0.0,0.0,0.98
40.18,-99.9,136035.0,0.0,0.0,0.0,38791.0,0.59
33.89,-88.47,9623.0,0.0,0.0,0.0,711.0,0.04
48.81,-121.88,58.0,0.0,0.0,0.0,220.0,0.0
47.66,-117.42,932.0,17407.0,0.0,0.0,125397.0,0.06
32.14,-94.31,0.0,0.0,0.0,0.0,0.0,0.0
41.27,-88.41,108769.0,0.0,0.0,0.0,842.0,0.63
38.45,-85.12,4332.0,0.0,0.0,0.0,0.0,0.02
35.14,-103.42,0.0,0.0,0.0,0.0,21513.0,0.01
34.11,-87.85,1197.0,0.0,0.0,0.0,0.0,0.0
44.49,-69.14,12.0,3.0,0.0,0.0,25.0,0.0
36.68,-78.31,848.0,0.0,0.0,0.0,5214.0,0.0
42.97,-90.13,63602.0,573.0,0.0,0.0,1511.0,0.34
35.71,-77.92,14237.0,0.0,0.0,0.0,5707.0,0.06
34.13,-87.36,70.0,0.0,0.0,0.0,0.0,0.0
41.21,-102.98,51059.0,162.0,0.0,0.0,155372.0,0.2
40.24,-103.82,58136.0,0.0,0.0,0.0,61216.0,0.29
39.39,-98.21,32100.0,0.0,0.0,0.0,117925.0,0.13
42.18,-96.54,95919.0,0.0,0.0,0.0,408.0,0.5
42.6,-75.01,6730.0,0.0,0.0,0.0,44.0,0.03
43.06,-92.78,143999.0,0.0,0.0,0.0,0.0,0.82
33.2,-94.97,0.0,0.0,0.0,0.0,0.0,0.0
38.49,-85.72,19896.0,0.0,0.0,0.0,2946.0,0.09
39.18,-83.63,45642.0,0.0,0.0,0.0,4096.0,0.23
38.61,-82.57,882.0,0.0,0.0,0.0,0.0,0.0
37.12,-87.84,27875.0,0.0,0.0,0.0,8976.0,0.14
40.97,-74.06,36.0,0.0,0.0,0.0,0.0,0.0
37.15,-96.27,3457.0,0.0,0.0,0.0,4857.0,0.01
39.31,-102.62,209854.0,0.0,0.0,0.0,233352.0,0.9
37.68,-93.02,1369.0,0.0,0.0,0.0,0.0,0.0
37.18,-94.31,31853.0,0.0,0.0,0.0,27284.0,0.15
43.4,-98.34,77028.0,0.0,0.0,0.0,4894.0,0.27
31.09,-85.8,4009.0,0.0,0.0,0.0,264.0,0.02
37.66,-85.96,23400.0,0.0,0.0,0.0,1988.0,0.12
33.17,-100.78,0.0,0.0,0.0,0.0,4639.0,0.0
37.37,-81.65,84.0,0.0,0.0,0.0,0.0,0.0
45.2,-84.97,2417.0,118.0,0.0,0.0,112.0,0.01
32.76,-95.38,0.0,0.0,0.0,0.0,0.0,0.0
42.38,-79.17,14277.0,0.0,0.0,0.0,1061.0,0.07
35.95,-97.96,1250.0,0.0,0.0,0.0,151348.0,0.04
42.26,-83.84,44136.0,0.0,0.0,0.0,10890.0,0.19
32.86,-85.8,375.0,0.0,0.0,0.0,0.0,0.0
31.75,-98.99,0.0,0.0,0.0,0.0,1876.0,0.0
38.86,-89.44,52929.0,0.0,0.0,0.0,9099.0,0.25
39.79,-96.02,106336.0,0.0,0.0,0.0,4905.0,0.26
36.08,-76.63,4790.0,0.0,0.0,0.0,3719.0,0.02
35.24,-80.81,872.0,0.0,0.0,0.0,1215.0,0.0
37.54,-77.43,8858.0,259.0,0.0,0.0,3599.0,0.04
30.78,-89.13,130.0,0.0,0.0,0.0,0.0,0.0
43.01,-104.46,0.0,0.0,0.0,0.0,2796.0,0.0
30.66,-97.6,108423.0,0.0,0.0,0.0,13714.0,0.32
38.19,-99.24,51765.0,0.0,0.0,0.0,109029.0,0.26
37.82,-80.02,146.0,0.0,0.0,0.0,0.0,0.0
42.56,-101.15,24821.0,0.0,0.0,0.0,3108.0,0.13
40.33,-111.12,0.0,0.0,0.0,0.0,0.0,0.0
46.45,-87.63,0.0,0.0,0.0,0.0,0.0,0.0
42.92,-98.76,43129.0,0.0,0.0,0.0,1412.0,0.17
38.69,-81.34,0.0,0.0,0.0,0.0,0.0,0.0
36.37,-99.25,0.0,0.0,0.0,0.0,35900.0,0.01
46.43,-109.85,0.0,6575.0,0.0,0.0,26943.0,0.01
44.61,-109.57,4311.0,19091.0,0.0,0.0,1566.0,0.04
46.81,-105.34,956.0,1777.0,0.0,0.0,23207.0,0.01
44.03,-96.26,94639.0,0.0,0.0,0.0,2049.0,0.49
30.18,-91.61,0.0,0.0,2799.0,29455.0,0.0,5.28
38.66,-94.37,43268.0,0.0,0.0,0.0,3179.0,0.19
43.8,-112.35,0.0,40084.0,0.0,0.0,43318.0,0.06
38.95,-84.96,1700.0,0.0,0.0,0.0,0.0,0.01
32.48,-92.16,13310.0,0.0,0.0,0.0,0.0,0.07
42.38,-95.49,124025.0,270.0,0.0,0.0,0.0,0.72
40.87,-88.56,279725.0,0.0,0.0,0.0,5841.0,1.64
33.83,-83.43,149.0,0.0,0.0,0.0,0.0,0.0
38.26,-120.5,0.0,0.0,0.0,0.0,0.0,0.0
39.48,-81.55,10053.0,50.0,0.0,0.0,867.0,0.04
41.6,-84.11,72863.0,5.0,0.0,0.0,10585.0,0.38
43.67,-96.26,127899.0,0.0,0.0,0.0,0.0,0.73
32.31,-87.1,13876.0,0.0,0.0,0.0,0.0,0.05
38.54,-86.5,29318.0,0.0,0.0,0.0,0.0,0.16
36.26,-101.36,56399.0,0.0,0.0,0.0,93942.0,0.31
31.19,-81.99,599.0,0.0,0.0,0.0,0.0,0.0
40.87,-83.28,71970.0,59.0,0.0,0.0,8543.0,0.34
37.19,-88.33,8417.0,0.0,0.0,0.0,1252.0,0.04
33.64,-84.03,14.0,0.0,0.0,0.0,0.0,0.0
33.06,-84.14,0.0,0.0,0.0,0.0,0.0,0.0
45.46,-91.12,15134.0,247.0,0.0,0.0,359.0,0.05
32.38,-81.74,4351.0,0.0,0.0,0.0,2945.0,0.02
40.74,-94.68,80441.0,0.0,0.0,0.0,0.0,0.38
33.06,-94.35,6.0,0.0,0.0,0.0,0.0,0.0
27.39,-80.89,0.0,0.0,0.0,0.0,0.0,0.0
36.64,-77.58,1616.0,0.0,0.0,0.0,1069.0,0.01
37.5,-88.24,0.0,0.0,0.0,0.0,119.0,0.0
47.83,-104.56,5367.0,4363.0,0.0,0.0,148106.0,0.04
40.17,-100.46,98278.0,0.0,0.0,0.0,44811.0,0.42
39.98,-74.33,78.0,0.0,0.0,0.0,150.0,0.0
38.48,-80.43,0.0,0.0,0.0,0.0,0.0,0.0
40.91,-73.8,19.0,0.0,0.0,0.0,3.0,0.0
44.71,-73.3,0.0,0.0,0.0,0.0,0.0,0.0
33.28,-83.95,0.0,0.0,0.0,0.0,0.0,0.0
42.47,-116.16,16476.0,707.0,0.0,0.0,9405.0,0.11
41.46,-71.7,27.0,0.0,0.0,0.0,0.0,0.0
32.72,-89.1,0.0,0.0,0.0,0.0,0.0,0.0
40.4,-77.29,16558.0,1641.0,0.0,0.0,3493.0,0.07
34.24,-85.22,2304.0,0.0,0.0,0.0,0.0,0.01
36.88,-87.5,83534.0,172.0,0.0,0.0,64187.0,0.47
48.36,-96.38,55840.0,16770.0,0.0,0.0,189873.0,0.32
43.95,-90.12,40654.0,86.0,0.0,0.0,949.0,0.19
31.66,-87.82,85.0,0.0,0.0,0.0,0.0,0.0
39.45,-78.04,3874.0,220.0,0.0,0.0,428.0,0.02
38.29,-96.62,9877.0,0.0,0.0,0.0,8320.0,0.04
33.15,-98.7,0.0,0.0,0.0,0.0,18687.0,0.0
44.47,-70.78,1863.0,0.0,0.0,0.0,0.0,0.01
34.93,-101.34,3790.0,0.0,0.0,0.0,30403.0,0.02
36.32,-88.31,41256.0,0.0,0.0,0.0,8091.0,0.19
32.07,-84.85,0.0,0.0,0.0,0.0,0.0,0.0
31.49,-98.55,0.0,0.0,0.0,0.0,1273.0,0.0
37.75,-108.46,0.0,0.0,0.0,0.0,15008.0,0.0
38.06,-75.87,13042.0,998.0,0.0,0.0,7040.0,0.07
36.78,-99.67,0.0,0.0,0.0,0.0,42651.0,0.01
33.12,-88.59,27946.0,0.0,0.0,0.0,0.0,0.14
41.5,-84.59,53425.0,0.0,0.0,0.0,13817.0,0.26
47.02,-110.23,0.0,10972.0,0.0,0.0,55865.0,0.02
47.11,-94.94,11214.0,0.0,0.0,0.0,1203.0,0.06
38.44,-108.24,5128.0,109.0,0.0,0.0,320.0,0.03
42.02,-93.49,158256.0,0.0,0.0,0.0,0.0,0.91
39.6,-94.42,45671.0,0.0,0.0,0.0,489.0,0.23
45.78,-96.42,138917.0,0.0,0.0,0.0,10414.0,0.73
36.74,-80.74,0.0,0.0,0.0,0.0,0.0,0.0
40.94,-77.79,18353.0,243.0,0.0,0.0,2863.0,0.07
42.38,-93.23,192663.0,0.0,0.0,0.0,0.0,1.15
40.27,-81.13,3764.0,0.0,0.0,0.0,819.0,0.02
39.59,-77.71,16652.0,2309.0,0.0,0.0,6816.0,0.09
31.57,-92.57,1273.0,0.0,0.0,0.0,0.0,0.01
33.7,-84.76,26.0,0.0,0.0,0.0,0.0,0.0
45.53,-102.51,12313.0,1650.0,0.0,0.0,28723.0,0.02
36.41,-94.81,737.0,0.0,0.0,0.0,899.0,0.0
38.67,-86.8,13456.0,0.0,0.0,0.0,486.0,0.07
38.88,-94.84,11254.0,0.0,0.0,0.0,2344.0,0.05
37.73,-84.3,2169.0,0.0,0.0,0.0,0.0,0.01
41.32,-91.73,116722.0,0.0,0.0,0.0,209.0,0.71
41.44,-78.63,732.0,0.0,0.0,0.0,0.0,0.0
38.72,-121.91,13564.0,4141.0,25191.0,0.0,24870.0,1.33
42.11,-91.14,161120.0,0.0,0.0,0.0,0.0,0.97
31.7,-83.62,2862.0,0.0,0.0,0.0,1667.0,0.01
46.1,-103.51,14632.0,5561.0,0.0,0.0,93947.0,0.04
45.55,-103.48,4649.0,896.0,0.0,0.0,21328.0,0.01
46.58,-92.72,183.0,47.0,0.0,0.0,0.0,0.0
35.47,-96.31,1932.0,0.0,0.0,0.0,3616.0,0.01
42.68,-89.61,88060.0,281.0,0.0,0.0,4217.0,0.45
38.88,-97.19,26309.0,0.0,0.0,0.0,120519.0,0.13
45.02,-84.61,731.0,0.0,0.0,0.0,898.0,0.0
33.58,-97.21,3002.0,0.0,0.0,0.0,13140.0,0.01
40.58,-74.93,9042.0,0.0,0.0,0.0,2203.0,0.04
46.96,-99.8,23216.0,6308.0,0.0,0.0,67727.0,0.11
38.6,-78.5,3786.0,671.0,0.0,0.0,0.0,0.02
31.35,-101.53,4020.0,0.0,0.0,0.0,3504.0,0.0
45.03,-93.49,11342.0,5.0,0.0,0.0,157.0,0.06
41.2,-90.74,123167.0,0.0,0.0,0.0,363.0,0.8
31.21,-89.52,247.0,0.0,0.0,0.0,0.0,0.0
35.48,-77.67,10098.0,0.0,0.0,0.0,6264.0,0.04
42.89,-90.7,132770.0,693.0,0.0,0.0,2072.0,0.72
35.61,-88.82,629.0,0.0,0.0,0.0,0.0,0.0
46.06,-94.89,54679.0,1273.0,0.0,0.0,5753.0,0.24
44.54,-99.01,149949.0,0.0,0.0,0.0,12722.0,0.5
31.56,-82.44,1411.0,0.0,0.0,0.0,0.0,0.01
43.18,-72.73,0.0,0.0,0.0,0.0,0.0,0.0
41.63,-73.68,4759.0,0.0,0.0,0.0,243.0,0.02
31.31,-99.85,543.0,418.0,0.0,0.0,22631.0,0.01
33.14,-95.57,0.0,0.0,0.0,0.0,0.0,0.0
33.99,-97.25,0.0,0.0,0.0,0.0,0.0,0.0
31.38,-100.41,2677.0,0.0,0.0,0.0,17974.0,0.01
38.19,-84.2,4735.0,0.0,0.0,0.0,1625.0,0.02
41.92,-83.51,60372.0,0.0,0.0,0.0,16817.0,0.32
32.34,-81.34,240.0,0.0,0.0,0.0,0.0,0.0
36.26,-82.49,1508.0,18.0,0.0,0.0,193.0,0.01
37.15,-83.72,305.0,0.0,0.0,0.0,0.0,0.0
36.34,-91.04,4361.0,0.0,25377.0,0.0,0.0,1.11
34.58,-79.67,13160.0,0.0,0.0,0.0,4408.0,0.05
34.05,-93.2,0.0,0.0,0.0,0.0,0.0,0.0
39.73,-75.15,5657.0,380.0,0.0,0.0,2641.0,0.02
43.7,-108.41,0.0,0.0,0.0,0.0,0.0,0.0
46.79,-102.73,29446.0,2446.0,0.0,0.0,214925.0,0.08
35.53,-78.38,8796.0,628.0,0.0,0.0,7787.0,0.03
41.91,-99.46,4326.0,0.0,0.0,0.0,0.0,0.02
35.92,-81.17,958.0,0.0,0.0,0.0,1428.0,0.0
34.33,-80.57,1121.0,0.0,0.0,0.0,0.0,0.0
35.44,-84.62,2014.0,0.0,0.0,0.0,1197.0,0.01
41.9,-99.01,11579.0,0.0,0.0,0.0,0.0,0.06
40.29,-81.93,27894.0,0.0,0.0,0.0,2055.0,0.13
38.69,-98.21,8704.0,0.0,0.0,0.0,75254.0,0.04
33.35,-112.49,0.0,3579.0,0.0,0.0,14949.0,0.01
34.5,-100.65,1461.0,0.0,0.0,0.0,4950.0,0.01
38.45,-81.07,65.0,0.0,0.0,0.0,0.0,0.0
38.46,-87.85,47881.0,0.0,0.0,0.0,2892.0,0.23
41.77,-77.25,8304.0,349.0,0.0,0.0,976.0,0.03
46.44,-102.42,35840.0,1013.0,0.0,0.0,260881.0,0.09
42.73,-87.78,34904.0,0.0,0.0,0.0,7265.0,0.17
46.42,-95.71,168402.0,1115.0,0.0,0.0,30196.0,0.82
33.56,-96.67,33034.0,0.0,0.0,0.0,52236.0,0.13
48.83,-97.93,151319.0,2563.0,0.0,0.0,42207.0,0.67
41.35,-77.02,16326.0,123.0,0.0,0.0,1444.0,0.06
32.4,-81.04,415.0,0.0,0.0,0.0,123.0,0.0
43.01,-114.17,5017.0,2935.0,0.0,0.0,9138.0,0.04
39.79,-100.47,72367.0,0.0,0.0,0.0,68870.0,0.27
35.03,-77.32,14015.0,0.0,0.0,0.0,4035.0,0.06
40.85,-76.69,33004.0,2036.0,0.0,0.0,2727.0,0.14
33.3,-104.51,0.0,717.0,0.0,0.0,0.0,0.0
35.58,-91.2,10965.0,0.0,74179.0,0.0,6113.0,3.15
36.66,-93.07,0.0,0.0,0.0,0.0,0.0,0.0
36.17,-82.88,3868.0,0.0,0.0,0.0,531.0,0.02
39.8,-98.79,70527.0,0.0,0.0,0.0,102465.0,0.3
38.46,-101.82,54264.0,0.0,0.0,0.0,115808.0,0.21
36.9,-76.72,10598.0,0.0,0.0,0.0,4773.0,0.05
36.68,-83.1,1003.0,0.0,0.0,0.0,31.0,0.0
30.52,-95.99,0.0,0.0,0.0,0.0,900.0,0.0
35.34,-82.47,4114.0,0.0,0.0,0.0,0.0,0.02
36.15,-80.24,887.0,0.0,0.0,0.0,442.0,0.0
33.03,-115.36,989.0,0.0,0.0,0.0,19904.0,0.02
37.56,-78.55,1432.0,0.0,0.0,0.0,905.0,0.0
35.66,-82.05,253.0,0.0,0.0,0.0,0.0,0.0
35.95,-83.1,1186.0,0.0,0.0,0.0,0.0,0.01
36.0,-82.13,29.0,0.0,0.0,0.0,0.0,0.0
41.02,-95.61,86985.0,0.0,0.0,0.0,66.0,0.45
37.97,-84.16,4438.0,0.0,0.0,0.0,388.0,0.02
47.71,-114.12,0.0,675.0,0.0,0.0,7634.0,0.0
43.67,-97.37,115113.0,0.0,0.0,0.0,556.0,0.55
35.89,-82.3,194.0,0.0,0.0,0.0,0.0,0.0
34.41,-81.11,230.0,0.0,0.0,0.0,240.0,0.0
42.02,-94.4,163130.0,0.0,0.0,0.0,0.0,0.86
32.3,-101.43,0.0,0.0,0.0,0.0,0.0,0.0
36.84,-88.96,27701.0,0.0,0.0,0.0,6127.0,0.14
37.64,-87.96,85358.0,0.0,0.0,0.0,8108.0,0.42
41.92,-88.42,78683.0,0.0,0.0,0.0,1907.0,0.4
47.6,-101.17,79230.0,7528.0,0.0,0.0,258693.0,0.27
41.36,-113.21,10274.0,2280.0,0.0,0.0,59547.0,0.07
37.72,-77.88,2521.0,0.0,0.0,0.0,2263.0,0.01
40.68,-105.47,8713.0,813.0,0.0,0.0,3127.0,0.04
38.69,-96.67,18871.0,0.0,0.0,0.0,23659.0,0.07
36.37,-97.78,17138.0,0.0,0.0,0.0,214743.0,0.09
40.45,-92.15,50170.0,220.0,0.0,0.0,2442.0,0.21
34.13,-86.88,4283.0,0.0,0.0,0.0,663.0,0.02
35.95,-84.97,813.0,0.0,0.0,0.0,0.0,0.0
40.86,-81.9,55428.0,656.0,0.0,0.0,8511.0,0.24
36.4,-78.99,2245.0,0.0,0.0,0.0,8222.0,0.01
38.5,-77.03,4936.0,376.0,0.0,0.0,5203.0,0.02
46.33,-96.46,115407.0,2404.0,0.0,0.0,59026.0,0.62
45.34,-83.96,5146.0,73.0,0.0,0.0,3632.0,0.02
45.64,-118.77,7774.0,2722.0,0.0,0.0,286223.0,0.18
40.19,-97.18,129239.0,0.0,0.0,0.0,5483.0,0.54
36.57,-85.1,195.0,0.0,0.0,0.0,0.0,0.0
47.24,-106.95,847.0,7503.0,0.0,0.0,55541.0,0.01
32.89,-85.39,144.0,0.0,0.0,0.0,0.0,0.0
41.86,-103.71,75659.0,0.0,0.0,0.0,6413.0,0.38
44.5,-122.55,0.0,0.0,0.0,0.0,2981.0,0.0
43.19,-101.66,37746.0,0.0,0.0,0.0,24698.0,0.09
35.63,-80.52,12614.0,2558.0,0.0,0.0,7519.0,0.06
45.87,-92.27,13293.0,0.0,0.0,0.0,355.0,0.05
40.34,-87.36,77237.0,0.0,0.0,0.0,2493.0,0.43
47.32,-96.46,94013.0,4963.0,0.0,0.0,104755.0,0.47
34.77,-85.99,19535.0,0.0,0.0,0.0,2935.0,0.09
39.05,-88.6,103965.0,0.0,0.0,0.0,5344.0,0.53
43.22,-78.23,31711.0,221.0,0.0,0.0,5466.0,0.16
33.15,-99.72,0.0,0.0,0.0,0.0,81389.0,0.01
37.46,-89.25,16599.0,0.0,0.0,0.0,3816.0,0.08
39.02,-92.33,26346.0,0.0,0.0,0.0,8202.0,0.13
40.2,-93.11,13942.0,0.0,0.0,0.0,1079.0,0.06
35.15,-85.62,2695.0,0.0,0.0,0.0,1573.0,0.01
48.31,-104.97,460.0,2355.0,0.0,0.0,288231.0,0.03
40.12,-92.16,43875.0,170.0,0.0,0.0,2994.0,0.19
30.15,-84.35,4.0,0.0,0.0,0.0,0.0,0.0
40.74,-84.93,67962.0,0.0,0.0,0.0,5825.0,0.32
40.3,-86.47,110973.0,0.0,0.0,0.0,1720.0,0.58
41.73,-77.9,3355.0,76.0,0.0,0.0,1219.0,0.01
30.86,-88.65,303.0,0.0,0.0,0.0,0.0,0.0
44.24,-94.7,150466.0,97.0,0.0,0.0,996.0,0.85
38.2,-95.31,63543.0,0.0,0.0,0.0,6715.0,0.22
39.49,-97.67,33056.0,0.0,0.0,0.0,53960.0,0.16
27.67,-98.51,0.0,0.0,0.0,0.0,126.0,0.0
31.2,-86.46,2246.0,0.0,0.0,0.0,323.0,0.01
41.63,-90.62,110792.0,0.0,0.0,0.0,195.0,0.69
33.1,-90.07,18773.0,0.0,0.0,0.0,0.0,0.1
36.74,-76.62,13166.0,0.0,0.0,0.0,4818.0,0.05
38.69,-87.38,127821.0,0.0,0.0,0.0,12522.0,0.67
40.4,-91.74,81178.0,0.0,0.0,0.0,1832.0,0.35
46.87,-114.0,0.0,0.0,0.0,0.0,0.0,0.0
31.76,-106.49,6.0,0.0,0.0,0.0,600.0,0.0
30.41,-91.19,306.0,0.0,0.0,0.0,0.0,0.0
37.12,-82.36,0.0,0.0,0.0,0.0,0.0,0.0
31.73,-91.03,0.0,0.0,0.0,0.0,0.0,0.0
36.81,-87.17,42266.0,542.0,0.0,0.0,30250.0,0.24
38.46,-91.52,8037.0,0.0,0.0,0.0,1384.0,0.04
35.13,-84.53,729.0,0.0,0.0,0.0,0.0,0.0
38.9,-80.25,6.0,0.0,0.0,0.0,0.0,0.0
40.01,-82.0,19337.0,0.0,0.0,0.0,675.0,0.09
39.59,-81.88,4654.0,47.0,0.0,0.0,237.0,0.02
43.66,-94.55,241276.0,0.0,0.0,0.0,0.0,1.45
36.11,-84.18,54.0,0.0,0.0,0.0,0.0,0.0
42.38,-95.08,167936.0,0.0,0.0,0.0,0.0,0.92
36.75,-76.23,6747.0,0.0,0.0,0.0,4255.0,0.03
43.63,-84.38,17191.0,0.0,0.0,0.0,2452.0,0.08
39.55,-95.33,65795.0,0.0,0.0,0.0,1451.0,0.28
35.88,-86.9,2311.0,0.0,0.0,0.0,2000.0,0.01
34.98,-80.51,35399.0,0.0,0.0,0.0,51669.0,0.15
39.21,-89.51,187192.0,0.0,0.0,0.0,7622.0,1.01
34.29,-91.36,46585.0,0.0,81070.0,0.0,4523.0,4.11
32.72,-100.91,0.0,0.0,0.0,0.0,2662.0,0.0
39.37,-91.18,63096.0,0.0,0.0,0.0,7601.0,0.3
38.93,-84.53,243.0,0.0,0.0,0.0,0.0,0.0
41.4,-99.73,229451.0,0.0,0.0,0.0,4360.0,1.11
38.51,-78.89,21359.0,570.0,0.0,0.0,2606.0,0.1
45.27,-93.28,10990.0,0.0,0.0,0.0,0.0,0.05
33.72,-116.04,0.0,0.0,0.0,0.0,13369.0,0.01
37.64,-97.46,50331.0,0.0,0.0,0.0,166529.0,0.21
31.77,-82.68,2437.0,0.0,0.0,0.0,0.0,0.01
32.11,-86.64,1630.0,0.0,0.0,0.0,0.0,0.0
30.63,-90.43,235.0,0.0,0.0,0.0,0.0,0.0
36.75,-102.54,20532.0,0.0,0.0,0.0,97149.0,0.15
39.36,-97.17,49488.0,0.0,0.0,0.0,55453.0,0.23
38.93,-84.37,324.0,0.0,0.0,0.0,0.0,0.0
41.44,-90.58,65984.0,0.0,0.0,0.0,109.0,0.41
38.84,-107.86,4087.0,0.0,0.0,0.0,1496.0,0.02
40.01,-105.27,2564.0,968.0,0.0,0.0,1588.0,0.01
42.0,-89.11,202521.0,0.0,0.0,0.0,3080.0,1.16
37.23,-89.12,18653.0,0.0,0.0,0.0,5665.0,0.1
36.15,-80.68,7907.0,998.0,0.0,0.0,2974.0,0.03
44.34,-94.24,123854.0,0.0,0.0,0.0,1016.0,0.72
39.8,-92.07,51569.0,0.0,0.0,0.0,4793.0,0.22
41.0,-80.35,13723.0,10.0,0.0,0.0,2214.0,0.05
46.47,-94.1,6571.0,0.0,0.0,0.0,0.0,0.03
38.81,-79.87,714.0,0.0,0.0,0.0,0.0,0.0
41.9,-98.53,23074.0,0.0,0.0,0.0,0.0,0.12
42.58,-76.07,5338.0,170.0,0.0,0.0,261.0,0.02
47.11,-101.35,15620.0,2353.0,0.0,0.0,33656.0,0.05
34.69,-81.15,622.0,0.0,0.0,0.0,444.0,0.0
46.93,-103.87,8238.0,652.0,0.0,0.0,74946.0,0.02
41.43,-81.69,0.0,0.0,0.0,0.0,0.0,0.0
32.52,-94.4,0.0,0.0,0.0,0.0,0.0,0.0
34.23,-82.44,0.0,0.0,0.0,0.0,219.0,0.0
44.68,-97.2,93529.0,0.0,0.0,0.0,5679.0,0.48
30.7,-82.91,56.0,0.0,0.0,0.0,0.0,0.0
39.0,-89.04,118696.0,0.0,0.0,0.0,5597.0,0.55
36.69,-95.91,0.0,0.0,0.0,0.0,3123.0,0.0
35.63,-75.69,0.0,0.0,0.0,0.0,0.0,0.0
38.28,-84.58,3979.0,0.0,0.0,0.0,426.0,0.02
35.92,-85.46,2038.0,0.0,0.0,0.0,329.0,0.01
35.37,-100.79,5117.0,0.0,0.0,0.0,16791.0,0.03
41.59,-96.68,158901.0,0.0,0.0,0.0,0.0,0.86
33.5,-90.6,36143.0,0.0,13830.0,0.0,0.0,0.79
37.54,-114.88,2252.0,0.0,0.0,0.0,0.0,0.01
31.23,-96.93,66617.0,0.0,0.0,0.0,18087.0,0.22
34.68,-91.23,26601.0,0.0,34240.0,0.0,6875.0,1.69
40.84,-99.08,180210.0,0.0,0.0,0.0,2322.0,1.03
45.33,-89.73,4978.0,445.0,0.0,0.0,0.0,0.01
40.66,-96.14,151572.0,0.0,0.0,0.0,1185.0,0.71
37.89,-95.32,22714.0,0.0,0.0,0.0,4770.0,0.08
44.28,-91.38,81152.0,1182.0,0.0,0.0,513.0,0.36
33.21,-87.57,1465.0,0.0,0.0,0.0,200.0,0.01
36.36,-84.93,1152.0,0.0,0.0,0.0,150.0,0.0
37.89,-90.19,12391.0,0.0,0.0,0.0,3303.0,0.05
40.22,-75.37,3597.0,0.0,0.0,0.0,1250.0,0.01
35.66,-95.39,3787.0,0.0,0.0,0.0,7594.0,0.02
31.96,-90.91,2123.0,0.0,0.0,0.0,290.0,0.01
33.94,-91.77,19994.0,0.0,15681.0,0.0,2601.0,0.8
37.48,-80.2,319.0,0.0,0.0,0.0,0.0,0.0
38.22,-75.33,29781.0,362.0,0.0,0.0,4924.0,0.14
40.92,-90.22,179797.0,0.0,0.0,0.0,491.0,1.16
35.18,-96.97,2052.0,0.0,0.0,0.0,2674.0,0.01
41.39,-70.64,0.0,0.0,0.0,0.0,0.0,0.0
32.68,-91.01,12821.0,0.0,0.0,0.0,0.0,0.07
45.96,-108.28,8068.0,16742.0,0.0,0.0,73041.0,0.06
38.36,-86.89,55312.0,0.0,0.0,0.0,4018.0,0.31
38.04,-97.45,73010.0,420.0,0.0,0.0,95089.0,0.25
31.12,-87.11,2614.0,0.0,0.0,0.0,327.0,0.01
44.64,-85.99,1224.0,0.0,0.0,0.0,0.0,0.0
42.4,-96.57,72655.0,0.0,0.0,0.0,0.0,0.39
32.03,-96.5,26127.0,0.0,0.0,0.0,6562.0,0.08
34.24,-84.13,0.0,0.0,0.0,0.0,0.0,0.0
32.3,-98.86,0.0,0.0,0.0,0.0,2805.0,0.0
40.5,-88.26,126275.0,0.0,0.0,0.0,939.0,0.73
37.62,-91.52,175.0,0.0,0.0,0.0,0.0,0.0
34.48,-101.19,0.0,0.0,0.0,0.0,31572.0,0.0
41.01,-93.34,23562.0,0.0,0.0,0.0,0.0,0.09
34.65,-87.79,22148.0,0.0,0.0,0.0,19814.0,0.12
36.84,-89.33,48696.0,0.0,0.0,0.0,38547.0,0.28
38.24,-95.75,32490.0,0.0,0.0,0.0,11047.0,0.11
32.36,-91.26,48704.0,0.0,2485.0,0.0,0.0,0.35
45.08,-99.96,83539.0,0.0,0.0,0.0,87458.0,0.3
30.04,-82.4,0.0,0.0,0.0,0.0,1200.0,0.0
39.57,-77.03,32627.0,2260.0,0.0,0.0,8046.0,0.16
44.38,-95.25,232908.0,0.0,0.0,0.0,1255.0,1.31
32.15,-83.83,2710.0,0.0,0.0,0.0,4456.0,0.02
40.6,-87.32,123495.0,0.0,0.0,0.0,1437.0,0.67
48.76,-104.52,1620.0,2156.0,0.0,0.0,334481.0,0.03
45.58,-87.56,4622.0,752.0,0.0,0.0,1117.0,0.01
43.67,-103.51,2188.0,0.0,0.0,0.0,704.0,0.0
30.88,-82.12,105.0,0.0,0.0,0.0,0.0,0.0
40.8,-122.0,0.0,0.0,260.0,0.0,173.0,0.01
44.07,-102.45,11350.0,0.0,0.0,0.0,33292.0,0.02
35.96,-88.45,28422.0,0.0,0.0,0.0,7744.0,0.14
46.57,-93.38,877.0,0.0,0.0,0.0,0.0,0.0
37.24,-85.53,9682.0,0.0,0.0,0.0,724.0,0.05
30.22,-93.34,840.0,0.0,12250.0,0.0,0.0,0.51
42.59,-85.89,67317.0,0.0,0.0,0.0,5178.0,0.33
32.89,-96.41,4620.0,0.0,0.0,0.0,5516.0,0.02
38.83,-102.62,69591.0,0.0,0.0,0.0,172664.0,0.28
41.44,-76.51,1433.0,0.0,0.0,0.0,0.0,0.01
35.13,-98.38,5086.0,0.0,0.0,0.0,84547.0,0.03
39.26,-76.1,43262.0,1380.0,0.0,0.0,16960.0,0.21
35.51,-86.45,8677.0,0.0,0.0,0.0,5578.0,0.05
29.91,-100.35,0.0,0.0,0.0,0.0,0.0,0.0
38.34,-103.83,217.0,0.0,0.0,0.0,0.0,0.0
32.27,-102.6,0.0,0.0,0.0,0.0,1500.0,0.0
35.97,-104.91,4.0,0.0,0.0,0.0,0.0,0.0
46.57,-118.89,15422.0,421.0,0.0,0.0,62999.0,0.13
32.77,-90.41,43899.0,0.0,0.0,0.0,1240.0,0.24
44.46,-119.06,0.0,0.0,0.0,0.0,135.0,0.0
46.17,-119.53,18435.0,0.0,0.0,0.0,103918.0,0.18
36.2,-81.13,6557.0,196.0,0.0,0.0,1824.0,0.02
47.05,-103.39,3445.0,2610.0,0.0,0.0,28865.0,0.01
45.37,-97.62,147852.0,0.0,0.0,0.0,26576.0,0.69
37.6,-83.71,115.0,0.0,0.0,0.0,0.0,0.0
36.65,-81.21,135.0,0.0,0.0,0.0,0.0,0.0
30.45,-91.33,0.0,0.0,0.0,11940.0,0.0,2.16
44.03,-73.15,618.0,0.0,0.0,0.0,110.0,0.0
43.11,-74.45,657.0,0.0,0.0,0.0,0.0,0.0
31.34,-82.24,4582.0,0.0,0.0,0.0,530.0,0.02
31.03,-96.51,19593.0,0.0,0.0,0.0,0.0,0.08
43.44,-89.97,69217.0,36.0,0.0,0.0,4459.0,0.33
35.05,-97.88,2714.0,0.0,0.0,0.0,45167.0,0.02
33.53,-82.26,0.0,0.0,0.0,0.0,0.0,0.0
36.84,-97.16,17166.0,480.0,0.0,0.0,114789.0,0.06
43.19,-123.11,0.0,15.0,0.0,0.0,42.0,0.0
25.64,-80.5,13.0,0.0,0.0,6.0,0.0,0.0
41.11,-79.02,8086.0,213.0,0.0,0.0,894.0,0.03
31.17,-92.55,11011.0,0.0,10469.0,8610.0,0.0,2.01
28.88,-97.91,13593.0,0.0,0.0,0.0,2348.0,0.03
34.79,-84.74,748.0,0.0,0.0,0.0,0.0,0.0
41.11,-102.33,38663.0,0.0,0.0,0.0,66471.0,0.19
46.23,-90.21,108.0,0.0,0.0,0.0,0.0,0.0
40.81,-84.06,66840.0,0.0,0.0,0.0,6986.0,0.3
36.65,-90.89,2900.0,0.0,4571.0,0.0,0.0,0.19
31.76,-93.09,13584.0,0.0,0.0,0.0,0.0,0.06
42.19,-97.17,123355.0,0.0,0.0,0.0,0.0,0.65
43.08,-95.63,147463.0,0.0,0.0,0.0,0.0,0.88
30.62,-91.57,8996.0,0.0,0.0,31106.0,3413.0,5.73
33.35,-84.75,578.0,0.0,0.0,0.0,474.0,0.0
41.03,-86.7,98912.0,0.0,0.0,0.0,710.0,0.52
43.97,-85.33,6375.0,0.0,0.0,0.0,1425.0,0.02
37.87,-84.58,625.0,0.0,0.0,0.0,0.0,0.0
43.99,-69.87,0.0,0.0,0.0,0.0,0.0,0.0
36.24,-87.1,2445.0,0.0,0.0,0.0,200.0,0.01
46.34,-101.63,38674.0,0.0,0.0,0.0,85889.0,0.07
30.3,-96.96,355.0,0.0,0.0,0.0,0.0,0.0
34.65,-80.14,7157.0,0.0,0.0,0.0,6957.0,0.03
39.01,-82.61,1608.0,0.0,0.0,0.0,138.0,0.01
37.69,-97.34,76115.0,0.0,0.0,0.0,107184.0,0.34
42.41,-99.91,26413.0,0.0,0.0,0.0,0.0,0.15
37.85,-94.87,13888.0,0.0,0.0,0.0,5157.0,0.05
40.2,-94.42,29812.0,14.0,0.0,0.0,1618.0,0.13
34.03,-101.81,32612.0,0.0,0.0,0.0,20707.0,0.13
39.37,-81.15,11.0,0.0,0.0,0.0,0.0,0.0
41.92,-85.06,92925.0,0.0,0.0,0.0,2783.0,0.41
43.01,-97.87,83741.0,0.0,0.0,0.0,2746.0,0.32
42.34,-72.62,694.0,28.0,0.0,0.0,0.0,0.0
45.17,-112.95,0.0,8392.0,0.0,0.0,8162.0,0.01
33.44,-79.33,1687.0,0.0,0.0,0.0,0.0,0.0
31.77,-94.13,0.0,0.0,0.0,0.0,0.0,0.0
28.34,-99.1,0.0,0.0,0.0,0.0,0.0,0.0
36.22,-121.39,340.0,3569.0,0.0,0.0,0.0,0.0
37.39,-84.33,958.0,0.0,0.0,0.0,0.0,0.0
42.67,-89.08,139175.0,15.0,0.0,0.0,5193.0,0.71
37.5,-94.36,57781.0,0.0,0.0,0.0,33769.0,0.27
42.4,-73.23,845.0,0.0,0.0,0.0,0.0,0.0
31.54,-84.2,890.0,0.0,0.0,0.0,0.0,0.01
39.0,-77.02,58350.0,2523.0,0.0,0.0,15865.0,0.28
40.12,-95.76,120763.0,0.0,0.0,0.0,2354.0,0.56
40.65,-91.51,69962.0,0.0,0.0,0.0,793.0,0.34
38.58,-83.81,7006.0,0.0,0.0,0.0,259.0,0.04
35.28,-81.18,310.0,0.0,0.0,0.0,1194.0,0.0
46.11,-99.42,36640.0,672.0,0.0,0.0,57745.0,0.13
39.61,-80.65,0.0,0.0,0.0,0.0,0.0,0.0
38.39,-76.1,23688.0,530.0,0.0,0.0,16641.0,0.13
31.2,-88.64,189.0,0.0,0.0,0.0,0.0,0.0
37.32,-76.8,0.0,0.0,0.0,0.0,0.0,0.0
47.77,-103.47,1465.0,6744.0,0.0,0.0,158067.0,0.03
37.17,-119.77,623.0,95.0,0.0,0.0,3500.0,0.0
30.21,-82.63,1715.0,0.0,0.0,0.0,0.0,0.01
32.75,-97.34,0.0,0.0,0.0,0.0,3304.0,0.0
41.04,-75.32,1696.0,0.0,0.0,0.0,162.0,0.01
30.51,-95.19,0.0,0.0,0.0,0.0,0.0,0.0
33.67,-80.23,33660.0,0.0,0.0,0.0,8196.0,0.14
48.02,-99.4,59722.0,25857.0,0.0,0.0,122254.0,0.28
33.95,-86.57,301.0,0.0,0.0,0.0,0.0,0.0
38.92,-99.32,9733.0,0.0,0.0,0.0,72722.0,0.04
44.02,-95.17,169117.0,36.0,0.0,0.0,1395.0,0.98
46.95,-100.51,48788.0,16645.0,0.0,0.0,56441.0,0.15
37.84,-82.82,0.0,0.0,0.0,0.0,0.0,0.0
48.65,-99.23,18219.0,8030.0,0.0,0.0,167952.0,0.13
32.64,-87.29,6683.0,0.0,0.0,0.0,0.0,0.03
35.17,-89.42,16293.0,0.0,0.0,0.0,7555.0,0.08
44.51,-99.49,35461.0,0.0,0.0,0.0,14357.0,0.11
38.9,-77.04,0.0,1855.0,0.0,0.0,68922.0,0.04
38.42,-77.46,2891.0,0.0,0.0,0.0,0.0,0.01
39.66,-94.0,26554.0,0.0,0.0,0.0,4114.0,0.12
39.3,-96.77,16209.0,0.0,0.0,0.0,8545.0,0.06
42.14,-90.55,110188.0,0.0,0.0,0.0,0.0,0.64
32.86,-80.68,5602.0,0.0,0.0,0.0,147.0,0.02
34.95,-81.93,452.0,0.0,0.0,0.0,1375.0,0.0
39.65,-121.59,1750.0,0.0,74115.0,0.0,0.0,3.64
37.29,-84.91,7545.0,0.0,0.0,0.0,0.0,0.04
31.18,-83.77,4543.0,0.0,0.0,0.0,1449.0,0.02
45.76,-97.63,100584.0,0.0,0.0,0.0,7260.0,0.48
46.93,-98.07,194835.0,11471.0,0.0,0.0,72529.0,0.87
38.79,-90.67,39765.0,0.0,0.0,0.0,3715.0,0.17
35.49,-81.21,1494.0,33.0,0.0,0.0,2206.0,0.01
43.8,-89.04,40431.0,139.0,0.0,0.0,3368.0,0.21
31.99,-88.28,0.0,0.0,0.0,0.0,0.0,0.0
32.82,-93.01,1002.0,0.0,0.0,0.0,0.0,0.01
29.05,-81.13,0.0,0.0,0.0,0.0,0.0,0.0
45.16,-122.23,0.0,75.0,0.0,0.0,622.0,0.0
36.44,-81.84,428.0,0.0,0.0,0.0,0.0,0.0
32.74,-89.52,0.0,0.0,0.0,0.0,0.0,0.0
40.76,-77.09,20479.0,927.0,0.0,0.0,2625.0,0.08
40.64,-79.13,21033.0,0.0,0.0,0.0,1499.0,0.09
38.32,-83.0,174.0,0.0,0.0,0.0,0.0,0.0
35.05,-78.84,6721.0,0.0,0.0,0.0,3552.0,0.03
39.76,-89.65,257193.0,0.0,0.0,0.0,2665.0,1.56
43.04,-75.09,3879.0,116.0,0.0,0.0,154.0,0.02
39.05,-87.42,59503.0,0.0,0.0,0.0,2100.0,0.31
41.36,-72.1,604.0,0.0,0.0,0.0,0.0,0.0
37.99,-91.32,1072.0,0.0,0.0,0.0,260.0,0.01
33.96,-84.02,0.0,0.0,0.0,0.0,0.0,0.0
32.13,-91.68,73816.0,0.0,1862.0,0.0,760.0,0.46
46.97,-118.59,4724.0,0.0,0.0,0.0,273973.0,0.16
34.93,-100.81,1684.0,0.0,0.0,0.0,2936.0,0.01
37.63,-80.85,15.0,0.0,0.0,0.0,0.0,0.0
47.02,-94.35,3127.0,0.0,0.0,0.0,0.0,0.01
42.58,-87.82,24836.0,0.0,0.0,0.0,3900.0,0.11
41.59,-86.28,65435.0,0.0,0.0,0.0,1505.0,0.35
38.83,-104.53,5.0,0.0,0.0,0.0,504.0,0.0
41.03,-89.3,95980.0,0.0,0.0,0.0,1025.0,0.6
36.56,-89.1,23468.0,0.0,0.0,0.0,8040.0,0.12
40.48,-78.72,9635.0,210.0,0.0,0.0,1722.0,0.04
38.3,-88.93,46139.0,0.0,0.0,0.0,17411.0,0.19
34.93,-99.54,0.0,0.0,0.0,0.0,45336.0,0.01
35.46,-83.47,31.0,0.0,0.0,0.0,0.0,0.0
41.18,-79.43,9775.0,54.0,0.0,0.0,458.0,0.03
32.39,-80.69,863.0,0.0,0.0,0.0,0.0,0.0
34.52,-103.31,6151.0,0.0,0.0,0.0,65309.0,0.02
40.49,-98.95,139951.0,0.0,0.0,0.0,4693.0,0.84
41.53,-85.81,40291.0,0.0,0.0,0.0,8484.0,0.2
33.26,-90.92,50546.0,0.0,10270.0,0.0,1295.0,0.75
31.88,-85.02,0.0,0.0,0.0,0.0,0.0,0.0
38.56,-86.12,45135.0,0.0,0.0,0.0,1214.0,0.22
35.73,-80.68,4092.0,134.0,0.0,0.0,7812.0,0.02
37.11,-76.9,6850.0,0.0,0.0,0.0,2650.0,0.03
40.99,-78.45,4006.0,0.0,0.0,0.0,474.0,0.01
37.5,-78.25,734.0,0.0,0.0,0.0,350.0,0.0
36.22,-81.69,0.0,0.0,0.0,0.0,0.0,0.0
38.37,-83.68,2968.0,234.0,0.0,0.0,87.0,0.01
39.64,-80.03,37.0,32.0,0.0,0.0,0.0,0.0
39.54,-79.25,8112.0,106.0,0.0,0.0,152.0,0.03
32.25,-90.48,7083.0,0.0,0.0,0.0,444.0,0.04
44.68,-120.05,0.0,0.0,0.0,0.0,0.0,0.0
42.73,-94.65,165541.0,0.0,0.0,0.0,0.0,0.88
33.59,-99.71,0.0,0.0,0.0,0.0,62024.0,0.01
37.94,-121.28,24453.0,510.0,2693.0,0.0,11254.0,0.27
32.27,-100.4,0.0,0.0,0.0,0.0,15274.0,0.0
44.68,-85.1,143.0,0.0,0.0,0.0,1160.0,0.0
40.46,-88.82,281899.0,0.0,0.0,0.0,1866.0,1.73
35.39,-78.86,3578.0,0.0,0.0,0.0,5262.0,0.01
48.75,-97.55,43721.0,4929.0,0.0,0.0,182351.0,0.25
38.0,-101.35,46449.0,0.0,0.0,0.0,96133.0,0.23
36.39,-84.14,102.0,0.0,0.0,0.0,0.0,0.0
41.68,-93.06,155986.0,0.0,0.0,0.0,0.0,0.93
39.96,-94.0,36133.0,0.0,0.0,0.0,1779.0,0.16
34.82,-83.99,173.0,0.0,0.0,0.0,0.0,0.0
43.41,-114.81,0.0,8836.0,0.0,0.0,3686.0,0.0
34.81,-91.58,15326.0,0.0,60003.0,0.0,1196.0,2.88
31.53,-96.58,7114.0,0.0,0.0,0.0,0.0,0.02
43.41,-88.72,130302.0,323.0,0.0,0.0,11739.0,0.7
39.59,-122.38,3663.0,624.0,81735.0,0.0,3279.0,4.13
35.05,-96.27,430.0,0.0,0.0,0.0,0.0,0.0
35.23,-97.31,160.0,0.0,0.0,0.0,885.0,0.0
41.63,-75.3,709.0,0.0,0.0,0.0,65.0,0.0
45.49,-111.2,227.0,31738.0,0.0,0.0,39501.0,0.03
28.32,-97.24,3811.0,0.0,0.0,0.0,0.0,0.01
34.03,-102.34,35043.0,0.0,0.0,0.0,13349.0,0.14
33.91,-88.94,6627.0,0.0,0.0,0.0,0.0,0.03
38.57,-95.32,41776.0,0.0,0.0,0.0,6224.0,0.17
39.67,-94.79,51722.0,0.0,0.0,0.0,1426.0,0.25
35.86,-86.42,6115.0,0.0,0.0,0.0,1569.0,0.03
32.11,-82.76,356.0,0.0,0.0,0.0,76.0,0.0
45.4,-100.01,62861.0,0.0,0.0,0.0,50722.0,0.24
29.76,-95.37,0.0,0.0,0.0,0.0,0.0,0.0
47.88,-110.37,2768.0,55603.0,0.0,0.0,498708.0,0.17
33.56,-101.88,17986.0,0.0,0.0,0.0,2185.0,0.04
38.69,-84.37,259.0,0.0,0.0,0.0,0.0,0.0
34.95,-100.27,0.0,0.0,0.0,0.0,8342.0,0.0
39.59,-94.93,33229.0,0.0,0.0,0.0,572.0,0.15
29.61,-96.55,13724.0,0.0,28929.0,0.0,0.0,1.29
39.17,-81.05,0.0,0.0,0.0,0.0,0.0,0.0
38.82,-85.04,6332.0,0.0,0.0,0.0,0.0,0.03
36.76,-100.49,4956.0,0.0,0.0,0.0,60490.0,0.04
43.93,-107.67,1065.0,9682.0,0.0,0.0,0.0,0.01
33.28,-85.11,600.0,0.0,0.0,0.0,0.0,0.0
31.44,-83.51,2086.0,0.0,0.0,0.0,920.0,0.01
45.17,-96.71,103363.0,0.0,0.0,0.0,14704.0,0.52
48.52,-119.65,386.0,1236.0,0.0,0.0,8597.0,0.0
35.12,-76.8,15434.0,0.0,0.0,0.0,2527.0,0.07
45.01,-92.87,21650.0,46.0,0.0,0.0,0.0,0.12
34.4,-79.39,18140.0,0.0,0.0,0.0,6916.0,0.07
42.19,-98.07,167586.0,0.0,0.0,0.0,345.0,0.92
44.92,-101.71,18753.0,0.0,0.0,0.0,44042.0,0.05
38.66,-85.1,0.0,0.0,0.0,0.0,0.0,0.0
37.24,-97.48,60434.0,0.0,0.0,0.0,318343.0,0.23
33.16,-99.2,0.0,0.0,0.0,0.0,45532.0,0.01
31.57,-83.26,5304.0,0.0,0.0,0.0,827.0,0.03
30.88,-100.54,0.0,0.0,0.0,0.0,672.0,0.0
36.57,-89.68,58009.0,0.0,11915.0,0.0,23609.0,0.84
30.83,-83.6,1663.0,0.0,0.0,0.0,1533.0,0.01
36.31,-76.12,17123.0,0.0,0.0,0.0,5017.0,0.09
35.01,-78.36,36268.0,0.0,0.0,0.0,14056.0,0.14
31.54,-105.48,0.0,0.0,0.0,0.0,0.0,0.0
30.57,-87.73,6658.0,0.0,0.0,0.0,2172.0,0.03
37.77,-87.56,57928.0,0.0,0.0,0.0,2595.0,0.3
40.56,-104.48,105661.0,6282.0,0.0,0.0,110603.0,0.55
35.33,-79.9,735.0,0.0,0.0,0.0,148.0,0.0
33.58,-83.51,322.0,0.0,0.0,0.0,1100.0,0.0
35.81,-88.54,4461.0,0.0,0.0,0.0,3431.0,0.02
41.02,-94.69,62614.0,0.0,0.0,0.0,0.0,0.3
37.2,-87.14,13293.0,0.0,0.0,0.0,1530.0,0.06
37.99,-77.95,1911.0,0.0,0.0,0.0,1134.0,0.01
33.01,-83.9,86.0,0.0,0.0,0.0,0.0,0.0
36.72,-85.14,726.0,0.0,0.0,0.0,0.0,0.0
38.86,-78.59,10022.0,633.0,0.0,0.0,1915.0,0.05
35.31,-118.75,275.0,1585.0,0.0,0.0,11722.0,0.01
41.72,-74.78,0.0,0.0,0.0,0.0,0.0,0.0
31.26,-83.24,2882.0,0.0,0.0,0.0,0.0,0.01
43.27,-91.86,163686.0,0.0,0.0,0.0,120.0,0.89
35.36,-85.4,907.0,0.0,0.0,0.0,240.0,0.0
32.52,-86.63,645.0,0.0,0.0,0.0,334.0,0.0
40.7,-85.21,85283.0,0.0,0.0,0.0,4070.0,0.45
36.08,-119.8,1346.0,628.0,0.0,0.0,21188.0,0.02
34.27,-91.92,42130.0,0.0,53745.0,0.0,5621.0,2.57
39.62,-85.47,90820.0,300.0,0.0,0.0,5567.0,0.49
30.21,-82.99,2095.0,0.0,0.0,0.0,0.0,0.01
38.88,-95.29,37795.0,0.0,0.0,0.0,4086.0,0.16
36.15,-87.35,2659.0,0.0,0.0,0.0,287.0,0.01
37.15,-78.06,1913.0,0.0,0.0,0.0,419.0,0.01
30.48,-96.64,8618.0,0.0,0.0,0.0,0.0,0.03
42.43,-98.75,185409.0,0.0,0.0,0.0,6614.0,1.04
31.92,-83.78,920.0,0.0,0.0,0.0,729.0,0.01
43.01,-97.4,104389.0,0.0,0.0,0.0,1125.0,0.51
40.35,-94.87,111323.0,210.0,0.0,0.0,1516.0,0.54
38.03,-81.07,0.0,0.0,0.0,0.0,0.0,0.0
42.72,-103.12,9547.0,0.0,0.0,0.0,17970.0,0.04
39.98,-75.77,27140.0,925.0,0.0,0.0,5121.0,0.14
44.51,-73.06,345.0,0.0,0.0,0.0,0.0,0.0
38.37,-97.13,58281.0,218.0,0.0,0.0,89354.0,0.17
37.2,-86.22,2488.0,0.0,0.0,0.0,1395.0,0.01
41.76,-73.26,2097.0,0.0,0.0,0.0,0.0,0.01
42.45,-102.41,51598.0,0.0,0.0,0.0,25380.0,0.23
38.9,-86.07,56778.0,0.0,0.0,0.0,3978.0,0.26
32.08,-92.11,4851.0,0.0,0.0,0.0,0.0,0.03
40.14,-90.57,67048.0,0.0,0.0,0.0,858.0,0.35
36.42,-77.36,9409.0,0.0,0.0,0.0,8420.0,0.04
30.68,-95.55,0.0,0.0,0.0,0.0,0.0,0.0
35.58,-94.27,1638.0,0.0,0.0,0.0,1447.0,0.01
42.77,-92.31,138149.0,0.0,0.0,0.0,0.0,0.81
32.58,-86.13,2487.0,0.0,0.0,0.0,0.0,0.01
32.81,-111.44,1184.0,9073.0,0.0,0.0,25993.0,0.04
40.59,-83.19,54462.0,0.0,0.0,0.0,5033.0,0.28
41.2,-89.27,22312.0,0.0,0.0,0.0,270.0,0.13
36.86,-89.95,74069.0,0.0,37761.0,0.0,22419.0,1.98
32.74,-87.66,0.0,0.0,0.0,0.0,0.0,0.0
31.86,-90.48,714.0,0.0,0.0,0.0,0.0,0.0
37.02,-88.99,23313.0,0.0,0.0,0.0,10419.0,0.12
41.32,-86.28,80176.0,30.0,0.0,0.0,1807.0,0.42
30.59,-84.64,667.0,0.0,0.0,0.0,0.0,0.0
43.09,-83.23,36032.0,0.0,0.0,0.0,6855.0,0.18
40.58,-86.57,111511.0,0.0,0.0,0.0,3362.0,0.62
27.52,-82.38,0.0,0.0,0.0,0.0,0.0,0.0
37.3,-87.56,24882.0,0.0,0.0,0.0,2275.0,0.12
44.36,-97.49,146876.0,0.0,0.0,0.0,11064.0,0.69
44.39,-95.83,177305.0,0.0,0.0,0.0,2859.0,0.93
37.64,-84.54,1833.0,0.0,0.0,0.0,102.0,0.01
33.57,-95.04,484.0,0.0,0.0,0.0,9016.0,0.0
30.78,-98.17,0.0,0.0,0.0,0.0,23.0,0.0
40.46,-79.98,1610.0,0.0,0.0,0.0,0.0,0.01
30.24,-98.4,0.0,0.0,0.0,0.0,0.0,0.0
43.56,-100.72,7070.0,0.0,0.0,0.0,16752.0,0.02
37.24,-86.67,18661.0,0.0,0.0,0.0,150.0,0.09
48.67,-110.21,0.0,17039.0,0.0,0.0,501546.0,0.12
34.5,-102.26,44464.0,0.0,0.0,0.0,33632.0,0.23
44.87,-97.74,158712.0,0.0,0.0,0.0,21279.0,0.69
33.97,-103.49,14284.0,0.0,0.0,0.0,35199.0,0.04
35.61,-77.37,26956.0,0.0,0.0,0.0,4550.0,0.1
37.13,-81.12,0.0,0.0,0.0,0.0,0.0,0.0
33.04,-82.44,12071.0,0.0,0.0,0.0,2862.0,0.07
43.37,-95.63,116421.0,0.0,0.0,0.0,0.0,0.69
43.33,-97.14,159558.0,0.0,0.0,0.0,1643.0,0.81
35.81,-101.35,9354.0,0.0,0.0,0.0,15655.0,0.06
46.21,-118.52,6064.0,683.0,0.0,0.0,188653.0,0.16
40.58,-81.93,24642.0,149.0,0.0,0.0,1619.0,0.11
35.63,-87.07,8060.0,0.0,0.0,0.0,3225.0,0.04
34.0,-85.16,781.0,0.0,0.0,0.0,0.0,0.0
40.51,-98.51,176583.0,0.0,0.0,0.0,4436.0,0.99
40.53,-81.09,12581.0,0.0,0.0,0.0,1334.0,0.05
36.21,-89.84,20411.0,0.0,37421.0,0.0,22961.0,1.73
40.09,-91.7,54480.0,0.0,0.0,0.0,3198.0,0.24
40.73,-95.59,112299.0,0.0,0.0,0.0,0.0,0.6
33.12,-107.26,0.0,0.0,0.0,0.0,0.0,0.0
42.41,-92.78,156721.0,0.0,0.0,0.0,0.0,0.97
41.07,-89.81,88880.0,0.0,0.0,0.0,273.0,0.57
42.14,-76.77,5298.0,0.0,0.0,0.0,0.0,0.02
38.42,-87.21,20013.0,0.0,0.0,0.0,1079.0,0.1
43.58,-90.82,56566.0,297.0,0.0,0.0,958.0,0.25
45.65,-109.36,1414.0,3127.0,0.0,0.0,23207.0,0.02
41.7,-111.75,1935.0,8033.0,0.0,0.0,18869.0,0.02
42.06,-92.08,182420.0,0.0,0.0,0.0,0.0,1.1
34.9,-87.67,15885.0,0.0,0.0,0.0,7319.0,0.08
40.85,-101.65,218256.0,0.0,0.0,0.0,71860.0,0.91
43.93,-122.86,0.0,0.0,0.0,0.0,2055.0,0.0
30.66,-87.35,409.0,0.0,0.0,0.0,0.0,0.0
33.57,-81.62,6322.0,0.0,0.0,0.0,606.0,0.03
45.94,-96.03,122615.0,0.0,0.0,0.0,12993.0,0.66
33.17,-91.73,18071.0,0.0,2080.0,0.0,1545.0,0.19
33.9,-81.28,6784.0,0.0,0.0,0.0,692.0,0.03
35.18,-110.35,300.0,0.0,0.0,0.0,0.0,0.0
40.95,-96.69,156158.0,0.0,0.0,0.0,1474.0,0.7
43.61,-72.97,1174.0,0.0,0.0,0.0,0.0,0.0
34.11,-85.6,4486.0,0.0,0.0,0.0,1152.0,0.02
32.31,-90.2,224.0,0.0,0.0,0.0,0.0,0.0
31.6,-94.59,0.0,0.0,0.0,0.0,0.0,0.0
36.25,-118.85,5558.0,274.0,0.0,0.0,16899.0,0.03
39.62,-85.18,31393.0,0.0,0.0,0.0,1083.0,0.16
38.93,-99.91,18453.0,0.0,0.0,0.0,74629.0,0.08
43.7,-98.57,74521.0,0.0,0.0,0.0,6528.0,0.28
38.99,-119.18,0.0,0.0,0.0,0.0,463.0,0.0
34.74,-91.86,33997.0,0.0,84573.0,0.0,3442.0,4.04
34.19,-90.29,8062.0,0.0,9402.0,0.0,0.0,0.43
32.18,-95.79,18.0,0.0,0.0,0.0,0.0,0.0
30.76,-97.0,45752.0,0.0,0.0,0.0,7994.0,0.13
43.27,-96.74,118690.0,0.0,0.0,0.0,0.0,0.57
36.03,-88.1,2294.0,0.0,0.0,0.0,51.0,0.01
37.18,-89.35,5211.0,0.0,0.0,0.0,1190.0,0.02
36.39,-78.11,899.0,80.0,0.0,0.0,1677.0,0.0
39.36,-111.58,0.0,998.0,0.0,0.0,885.0,0.0
40.51,-80.57,0.0,0.0,0.0,0.0,0.0,0.0
33.76,-81.98,754.0,0.0,0.0,0.0,536.0,0.0
39.34,-98.79,26451.0,0.0,0.0,0.0,68219.0,0.1
38.9,-100.51,95818.0,375.0,0.0,0.0,85321.0,0.33
29.25,-96.23,69499.0,0.0,30369.0,0.0,639.0,1.73
43.02,-88.77,70270.0,0.0,0.0,0.0,4851.0,0.36
35.8,-83.53,217.0,0.0,0.0,0.0,55.0,0.0
41.3,-83.16,58248.0,0.0,0.0,0.0,6504.0,0.3
30.95,-84.88,11498.0,0.0,0.0,0.0,0.0,0.06
39.24,-95.39,38797.0,315.0,0.0,0.0,1715.0,0.16
38.6,-85.32,2342.0,0.0,0.0,0.0,0.0,0.01
35.91,-79.05,1034.0,0.0,0.0,0.0,5806.0,0.0
43.7,-83.94,59195.0,0.0,0.0,0.0,14939.0,0.28
43.48,-83.4,81008.0,25.0,0.0,0.0,33521.0,0.4
37.41,-83.68,100.0,0.0,0.0,0.0,0.0,0.0
37.11,-90.48,6343.0,0.0,0.0,0.0,344.0,0.03
32.71,-99.33,0.0,0.0,0.0,0.0,5734.0,0.0
42.13,-80.09,12744.0,0.0,0.0,0.0,1493.0,0.05
43.06,-96.16,224841.0,0.0,0.0,0.0,0.0,1.35
32.05,-84.19,8245.0,0.0,0.0,0.0,2523.0,0.04
31.87,-100.55,0.0,0.0,0.0,0.0,5007.0,0.0
32.39,-89.13,1068.0,0.0,0.0,0.0,0.0,0.0
35.25,-92.69,2827.0,0.0,1605.0,0.0,2529.0,0.08
34.04,-86.02,1068.0,0.0,0.0,0.0,0.0,0.0
37.98,-88.93,37668.0,0.0,0.0,0.0,10985.0,0.17
39.76,-86.52,64770.0,0.0,0.0,0.0,906.0,0.33
38.99,-96.76,13376.0,0.0,0.0,0.0,7250.0,0.05
33.78,-87.28,522.0,0.0,0.0,0.0,0.0,0.0
43.18,-94.21,307485.0,0.0,0.0,0.0,0.0,1.74
34.34,-82.95,0.0,0.0,0.0,0.0,1820.0,0.0
38.9,-98.8,5488.0,0.0,0.0,0.0,75123.0,0.04
31.78,-99.45,16105.0,0.0,0.0,0.0,19725.0,0.06
39.13,-93.23,149649.0,0.0,0.0,0.0,2719.0,0.83
29.83,-94.17,0.0,0.0,20698.0,0.0,0.0,0.5
41.91,-90.56,198385.0,0.0,0.0,0.0,0.0,1.2
32.37,-85.67,0.0,0.0,0.0,0.0,0.0,0.0
38.27,-90.57,3644.0,76.0,0.0,0.0,598.0,0.01
37.57,-101.79,83815.0,0.0,0.0,0.0,98511.0,0.37
44.34,-85.11,8108.0,0.0,0.0,0.0,472.0,0.03
31.52,-83.87,6564.0,0.0,0.0,0.0,0.0,0.03
35.47,-76.89,39819.0,0.0,0.0,0.0,11911.0,0.18
33.75,-88.1,0.0,0.0,0.0,0.0,0.0,0.0
29.16,-98.13,7000.0,0.0,0.0,0.0,2928.0,0.02
35.97,-94.23,0.0,0.0,0.0,0.0,0.0,0.0
31.17,-82.48,1925.0,0.0,0.0,0.0,0.0,0.01
46.4,-86.53,105.0,0.0,0.0,0.0,0.0,0.0
30.6,-85.68,466.0,0.0,0.0,0.0,0.0,0.0
29.9,-81.41,2262.0,0.0,0.0,0.0,0.0,0.01
44.34,-93.29,86122.0,151.0,0.0,0.0,345.0,0.48
43.75,-88.45,78037.0,250.0,0.0,0.0,11527.0,0.4
44.0,-96.67,105916.0,0.0,0.0,0.0,0.0,0.55
37.71,-99.89,49151.0,0.0,0.0,0.0,141177.0,0.3
44.82,-94.25,115814.0,50.0,0.0,0.0,1675.0,0.65
36.14,-84.63,1115.0,0.0,0.0,0.0,0.0,0.0
35.54,-98.0,411.0,0.0,0.0,0.0,108616.0,0.03
40.13,-82.46,50782.0,78.0,0.0,0.0,4639.0,0.26
45.44,-93.75,27579.0,0.0,0.0,0.0,757.0,0.14
39.93,-77.75,40821.0,7350.0,0.0,0.0,9536.0,0.2
44.4,-99.95,35453.0,0.0,0.0,0.0,33587.0,0.11
29.85,-103.24,0.0,0.0,0.0,0.0,0.0,0.0
31.77,-81.75,304.0,0.0,0.0,0.0,0.0,0.0
40.07,-86.05,51617.0,0.0,0.0,0.0,1255.0,0.24
30.47,-84.25,2042.0,0.0,0.0,0.0,0.0,0.01
42.46,-92.3,153230.0,0.0,0.0,0.0,0.0,0.88
32.13,-107.77,0.0,0.0,0.0,0.0,228.0,0.0
33.15,-102.33,3997.0,0.0,0.0,0.0,10620.0,0.02
41.92,-99.98,2098.0,0.0,0.0,0.0,0.0,0.01
40.29,-86.06,74545.0,0.0,0.0,0.0,1285.0,0.37
35.99,-83.94,549.0,0.0,0.0,0.0,45.0,0.0
33.15,-102.83,7373.0,0.0,0.0,0.0,3825.0,0.02
39.3,-86.85,23028.0,0.0,0.0,0.0,1420.0,0.1
40.53,-101.06,84391.0,0.0,0.0,0.0,20940.0,0.34
35.48,-86.77,4820.0,0.0,0.0,0.0,1948.0,0.02
39.72,-81.11,768.0,48.0,0.0,0.0,0.0,0.0
40.87,-97.6,205988.0,0.0,0.0,0.0,0.0,1.2
41.91,-86.0,76640.0,318.0,0.0,0.0,988.0,0.34
32.6,-96.34,10058.0,0.0,0.0,0.0,10143.0,0.03
31.39,-85.62,1925.0,0.0,0.0,0.0,529.0,0.01
38.49,-77.96,9122.0,602.0,0.0,0.0,565.0,0.04
41.31,-93.1,72180.0,0.0,0.0,0.0,0.0,0.35
36.08,-91.89,0.0,0.0,0.0,0.0,0.0,0.0
40.75,-92.86,21577.0,0.0,0.0,0.0,0.0,0.09
34.76,-83.11,601.0,0.0,0.0,0.0,1344.0,0.0
34.29,-98.38,754.0,0.0,0.0,0.0,71745.0,0.01
44.46,-72.11,246.0,0.0,0.0,0.0,0.0,0.0
33.98,-83.7,13.0,0.0,0.0,0.0,0.0,0.0
48.82,-103.52,3572.0,985.0,0.0,0.0,195872.0,0.04
33.21,-81.02,6046.0,0.0,0.0,0.0,244.0,0.02
31.16,-84.74,6261.0,0.0,0.0,0.0,873.0,0.04
36.82,-86.88,56366.0,1133.0,0.0,0.0,43443.0,0.33
42.48,-75.61,3958.0,78.0,0.0,0.0,0.0,0.02
41.03,-76.66,5891.0,170.0,0.0,0.0,855.0,0.02
46.33,-104.44,5442.0,798.0,0.0,0.0,21530.0,0.01
35.17,-86.11,12107.0,0.0,0.0,0.0,6533.0,0.06
35.83,-90.64,33408.0,0.0,47477.0,0.0,4372.0,2.25
37.45,-86.34,9910.0,0.0,0.0,0.0,999.0,0.05
31.97,-88.72,4973.0,0.0,0.0,0.0,691.0,0.02
30.67,-98.7,0.0,0.0,0.0,0.0,0.0,0.0
39.79,-101.1,86062.0,0.0,0.0,0.0,102830.0,0.34
33.77,-91.31,28905.0,0.0,17510.0,0.0,2034.0,0.9
29.51,-95.78,17794.0,0.0,7844.0,0.0,0.0,0.52
33.66,-80.76,12092.0,0.0,0.0,0.0,1209.0,0.05
39.96,-82.99,81055.0,0.0,0.0,0.0,22184.0,0.41
32.85,-86.7,486.0,0.0,0.0,0.0,191.0,0.0
41.13,-82.59,57728.0,0.0,0.0,0.0,14111.0,0.3
39.05,-122.78,0.0,0.0,0.0,0.0,10.0,0.0
29.98,-81.85,0.0,0.0,0.0,0.0,0.0,0.0
40.17,-98.53,80618.0,0.0,0.0,0.0,17030.0,0.4
33.4,-86.16,3257.0,0.0,0.0,0.0,0.0,0.02
40.8,-84.6,71700.0,0.0,0.0,0.0,9782.0,0.34
41.04,-86.29,103290.0,0.0,0.0,0.0,2126.0,0.55
31.85,-109.82,23292.0,1780.0,0.0,0.0,880.0,0.14
43.42,-70.65,49.0,0.0,0.0,0.0,0.0,0.0
36.74,-101.5,122984.0,0.0,0.0,0.0,117677.0,0.67
35.18,-89.87,3394.0,0.0,0.0,0.0,2462.0,0.02
36.74,-119.78,1365.0,4313.0,2219.0,0.0,38612.0,0.13
38.01,-101.81,15150.0,0.0,0.0,0.0,96066.0,0.07
39.34,-99.9,49663.0,0.0,0.0,0.0,62124.0,0.19
39.86,-85.02,52239.0,0.0,0.0,0.0,1873.0,0.25
43.29,-84.61,85331.0,0.0,0.0,0.0,18654.0,0.38
43.46,-89.35,119137.0,0.0,0.0,0.0,6996.0,0.65
39.94,-105.05,0.0,0.0,0.0,0.0,0.0,0.0
32.81,-83.69,0.0,0.0,0.0,0.0,0.0,0.0
37.49,-90.36,214.0,0.0,0.0,0.0,0.0,0.0
34.85,-82.4,334.0,0.0,0.0,0.0,155.0,0.0
39.64,-88.61,105879.0,0.0,0.0,0.0,664.0,0.64
37.71,-93.86,3370.0,0.0,0.0,0.0,2199.0,0.02
36.77,-91.92,0.0,0.0,0.0,0.0,267.0,0.0
44.49,-88.97,37803.0,120.0,0.0,0.0,2164.0,0.17
39.33,-87.78,95903.0,0.0,0.0,0.0,3228.0,0.51
38.09,-86.63,8230.0,0.0,0.0,0.0,387.0,0.04
35.18,-85.19,58.0,0.0,0.0,0.0,0.0,0.0
37.45,-76.33,1076.0,0.0,0.0,0.0,0.0,0.0
35.21,-95.11,0.0,0.0,0.0,0.0,0.0,0.0
39.34,-101.75,140580.0,0.0,0.0,0.0,108407.0,0.64
33.41,-82.69,0.0,0.0,0.0,0.0,567.0,0.0
30.7,-87.01,885.0,0.0,0.0,0.0,2964.0,0.0
32.71,-100.38,2478.0,0.0,0.0,0.0,25643.0,0.01
40.29,-79.49,22352.0,573.0,0.0,0.0,2481.0,0.09
32.65,-83.44,612.0,0.0,0.0,0.0,0.0,0.0
37.55,-99.3,29583.0,0.0,0.0,0.0,60434.0,0.16
39.01,-87.73,87368.0,0.0,0.0,0.0,6882.0,0.44
40.74,-94.25,44842.0,0.0,0.0,0.0,0.0,0.19
32.43,-83.33,2644.0,0.0,0.0,0.0,773.0,0.01
41.87,-74.26,1288.0,0.0,0.0,0.0,0.0,0.01
43.07,-89.43,169030.0,362.0,0.0,0.0,10452.0,0.88
28.39,-97.72,9996.0,0.0,0.0,0.0,1463.0,0.03
37.69,-77.07,8813.0,0.0,0.0,0.0,3835.0,0.04
39.37,-88.79,149513.0,0.0,0.0,0.0,4385.0,0.81
40.51,-99.82,79571.0,0.0,0.0,0.0,6834.0,0.43
38.33,-98.2,46147.0,0.0,0.0,0.0,145255.0,0.2
37.12,-81.57,0.0,0.0,0.0,0.0,0.0,0.0
31.83,-99.98,767.0,0.0,0.0,0.0,55021.0,0.01
44.72,-100.07,118066.0,0.0,0.0,0.0,61036.0,0.37
35.29,-99.0,0.0,0.0,0.0,0.0,165675.0,0.03
45.93,-95.46,63660.0,0.0,0.0,0.0,10702.0,0.31
35.25,-90.32,12572.0,0.0,29061.0,0.0,8075.0,1.39
35.17,-88.58,7869.0,0.0,0.0,0.0,1779.0,0.03
41.64,-102.34,32670.0,0.0,0.0,0.0,30119.0,0.16
35.63,-99.01,1634.0,0.0,0.0,0.0,116171.0,0.03
35.4,-80.56,4486.0,683.0,0.0,0.0,4256.0,0.02
33.9,-80.32,28763.0,0.0,0.0,0.0,6088.0,0.11
38.06,-88.53,62347.0,0.0,0.0,0.0,8816.0,0.32
39.63,-90.48,60497.0,0.0,0.0,0.0,372.0,0.34
42.7,-114.29,3608.0,13297.0,0.0,0.0,8233.0,0.04
32.86,-84.29,0.0,0.0,0.0,0.0,0.0,0.0
35.53,-87.5,0.0,0.0,0.0,0.0,0.0,0.0
38.89,-77.04,21094.0,0.0,0.0,0.0,5478.0,0.1
40.27,-80.57,137.0,0.0,0.0,0.0,0.0,0.0
41.31,-94.5,94641.0,0.0,0.0,0.0,0.0,0.45
30.78,-89.6,75.0,0.0,0.0,0.0,0.0,0.0
31.48,-85.24,4819.0,0.0,0.0,0.0,463.0,0.02
37.53,-85.7,17159.0,0.0,0.0,0.0,3757.0,0.09
38.82,-77.28,14.0,0.0,0.0,0.0,0.0,0.0
38.85,-92.82,41930.0,0.0,0.0,0.0,12098.0,0.22
30.66,-81.77,132.0,0.0,0.0,0.0,0.0,0.0
33.78,-85.2,1696.0,0.0,0.0,0.0,0.0,0.0
39.68,-84.29,35568.0,0.0,0.0,0.0,1410.0,0.17
34.93,-102.6,31879.0,0.0,0.0,0.0,122363.0,0.2
41.49,-81.71,496.0,0.0,0.0,0.0,0.0,0.0
33.58,-101.29,2498.0,0.0,0.0,0.0,6745.0,0.01
40.19,-109.58,2854.0,698.0,0.0,0.0,380.0,0.01
32.37,-86.3,1051.0,0.0,0.0,0.0,0.0,0.0
40.75,-75.33,17931.0,209.0,0.0,0.0,2296.0,0.08
35.88,-96.38,587.0,0.0,0.0,0.0,989.0,0.0
42.38,-96.06,186976.0,0.0,0.0,0.0,0.0,1.0
32.69,-82.64,3287.0,0.0,0.0,0.0,144.0,0.02
35.8,-78.61,1067.0,0.0,0.0,0.0,2678.0,0.0
33.79,-82.74,0.0,0.0,0.0,0.0,0.0,0.0
42.24,-78.04,9779.0,0.0,0.0,0.0,2105.0,0.04
36.69,-88.96,42185.0,0.0,0.0,0.0,12588.0,0.22
34.19,-82.16,64.0,0.0,0.0,0.0,0.0,0.0
35.61,-84.93,78.0,0.0,0.0,0.0,0.0,0.0
31.51,-90.12,0.0,0.0,0.0,0.0,0.0,0.0
41.77,-76.53,14558.0,39.0,0.0,0.0,854.0,0.06
39.13,-97.66,20431.0,0.0,0.0,0.0,79324.0,0.08
32.97,-87.12,827.0,0.0,0.0,0.0,0.0,0.0
37.55,-82.76,150.0,0.0,0.0,0.0,0.0,0.0
40.16,-85.01,97621.0,0.0,0.0,0.0,4078.0,0.47
36.26,-100.81,22857.0,0.0,0.0,0.0,89498.0,0.14
48.4,-108.97,153.0,9604.0,0.0,0.0,204033.0,0.03
44.01,-93.22,119624.0,0.0,0.0,0.0,409.0,0.71
44.76,-83.3,2712.0,0.0,0.0,0.0,572.0,0.01
33.39,-84.5,121.0,0.0,0.0,0.0,0.0,0.0
41.02,-93.78,19936.0,0.0,0.0,0.0,0.0,0.08
30.87,-84.23,6258.0,0.0,0.0,0.0,240.0,0.03
30.26,-92.79,0.0,0.0,64497.0,0.0,0.0,2.55
36.63,-94.35,943.0,0.0,0.0,0.0,580.0,0.0
44.35,-83.66,3587.0,0.0,0.0,0.0,649.0,0.01
41.76,-89.92,216805.0,0.0,0.0,0.0,1843.0,1.26
46.24,-105.57,2688.0,764.0,0.0,0.0,4648.0,0.01
29.72,-94.54,0.0,0.0,17898.0,0.0,300.0,0.6
43.41,-76.13,2671.0,0.0,0.0,0.0,0.0,0.01
34.64,-90.36,10416.0,0.0,25318.0,0.0,2171.0,1.21
42.87,-96.68,123105.0,0.0,0.0,0.0,342.0,0.62
43.08,-73.87,3901.0,0.0,0.0,0.0,0.0,0.02
28.84,-99.12,11603.0,0.0,0.0,0.0,11700.0,0.04
31.49,-90.45,0.0,0.0,0.0,0.0,0.0,0.0
46.96,-98.97,216020.0,8314.0,0.0,0.0,98003.0,0.89
33.77,-90.85,26033.0,0.0,27035.0,0.0,3025.0,1.33
36.94,-78.26,1203.0,0.0,0.0,0.0,1252.0,0.0
34.96,-92.88,0.0,0.0,1254.0,0.0,0.0,0.0
45.59,-95.45,115033.0,0.0,0.0,0.0,5318.0,0.61
38.01,-84.99,269.0,0.0,0.0,0.0,0.0,0.0
34.93,-95.76,618.0,0.0,0.0,0.0,0.0,0.0
30.12,-93.9,6.0,0.0,0.0,0.0,0.0,0.0
44.42,-100.8,13125.0,0.0,0.0,0.0,41997.0,0.03
38.22,-121.92,4468.0,1380.0,0.0,0.0,9404.0,0.02
43.68,-93.35,189595.0,61.0,0.0,0.0,206.0,1.11
30.7,-92.42,735.0,0.0,43932.0,0.0,0.0,1.76
37.03,-88.71,11306.0,0.0,0.0,0.0,5585.0,0.05
38.44,-84.32,4934.0,0.0,0.0,0.0,748.0,0.03
34.73,-106.85,0.0,0.0,0.0,0.0,0.0,0.0
34.28,-88.37,604.0,0.0,0.0,0.0,850.0,0.0
40.84,-90.62,158390.0,0.0,0.0,0.0,131.0,1.06
43.06,-88.31,23600.0,0.0,0.0,0.0,2666.0,0.12
34.16,-80.25,23031.0,0.0,0.0,0.0,6999.0,0.1
41.52,-76.02,2390.0,0.0,0.0,0.0,0.0,0.01
48.36,-106.62,1224.0,5650.0,0.0,0.0,287395.0,0.03
37.36,-88.09,20679.0,0.0,0.0,0.0,5862.0,0.09
37.81,-84.88,4168.0,0.0,0.0,0.0,1525.0,0.02
44.42,-88.46,54887.0,75.0,0.0,0.0,4648.0,0.25
35.55,-82.99,163.0,0.0,0.0,0.0,0.0,0.0
29.5,-97.44,5406.0,0.0,0.0,0.0,0.0,0.02
33.62,-100.76,0.0,0.0,0.0,0.0,1704.0,0.0
36.93,-82.11,250.0,0.0,0.0,0.0,0.0,0.0
43.34,-92.32,136872.0,0.0,0.0,0.0,0.0,0.77
40.65,-106.34,0.0,0.0,0.0,0.0,0.0,0.0
34.43,-86.85,1920.0,0.0,0.0,0.0,872.0,0.01
39.26,-80.73,8.0,73.0,0.0,0.0,0.0,0.0
39.03,-98.22,6128.0,0.0,0.0,0.0,66548.0,0.03
35.17,-91.22,17477.0,0.0,49375.0,0.0,4553.0,2.16
33.93,-89.32,6416.0,0.0,0.0,0.0,0.0,0.03
30.22,-96.39,46.0,0.0,0.0,0.0,0.0,0.0
40.59,-84.26,65035.0,89.0,0.0,0.0,10798.0,0.31
44.28,-92.2,68810.0,581.0,0.0,0.0,188.0,0.39
39.38,-94.77,41120.0,0.0,0.0,0.0,863.0,0.2
30.31,-82.28,111.0,0.0,0.0,0.0,0.0,0.0
39.08,-90.33,75359.0,0.0,0.0,0.0,639.0,0.35
35.12,-84.09,308.0,0.0,0.0,0.0,0.0,0.0
40.39,-91.15,176035.0,0.0,0.0,0.0,2401.0,1.07
31.78,-95.63,2416.0,0.0,0.0,0.0,0.0,0.01
36.79,-97.78,5572.0,0.0,0.0,0.0,218135.0,0.07
46.08,-114.11,850.0,323.0,0.0,0.0,1575.0,0.0
39.18,-74.8,193.0,0.0,0.0,0.0,0.0,0.0
37.85,-78.28,0.0,0.0,0.0,0.0,0.0,0.0
45.71,-101.18,37229.0,0.0,0.0,0.0,58532.0,0.09
32.74,-103.38,0.0,0.0,0.0,0.0,1712.0,0.0
34.62,-88.52,919.0,0.0,0.0,0.0,0.0,0.0
40.86,-98.05,190914.0,0.0,0.0,0.0,1336.0,1.15
29.94,-98.73,360.0,0.0,0.0,0.0,0.0,0.0
35.32,-80.24,10615.0,197.0,0.0,0.0,8184.0,0.04
33.13,-90.54,17417.0,0.0,3716.0,0.0,0.0,0.26
42.91,-76.73,27223.0,797.0,0.0,0.0,7015.0,0.13
32.42,-91.81,32334.0,0.0,5326.0,0.0,997.0,0.42
39.21,-95.06,23212.0,0.0,0.0,0.0,1913.0,0.09
30.68,-86.6,403.0,0.0,0.0,0.0,0.0,0.0
39.03,-95.76,33350.0,0.0,0.0,0.0,4015.0,0.14
41.74,-106.86,0.0,0.0,0.0,0.0,0.0,0.0
43.96,-91.78,72401.0,451.0,0.0,0.0,148.0,0.39
29.8,-98.27,505.0,0.0,0.0,0.0,235.0,0.0
34.73,-89.47,3713.0,0.0,0.0,0.0,2162.0,0.02
42.59,-83.91,16630.0,0.0,0.0,0.0,4472.0,0.07
36.43,-82.96,2037.0,0.0,0.0,0.0,34.0,0.01
43.02,-83.73,29567.0,14.0,0.0,0.0,4300.0,0.13
45.03,-95.53,141971.0,0.0,0.0,0.0,2224.0,0.82
40.81,-96.71,201393.0,0.0,0.0,0.0,8688.0,1.01
32.2,-98.22,0.0,0.0,0.0,0.0,1401.0,0.0
37.45,-82.39,192.0,0.0,0.0,0.0,0.0,0.0
37.55,-121.05,2456.0,0.0,0.0,0.0,721.0,0.01
45.07,-91.29,79876.0,771.0,0.0,0.0,1217.0,0.36
37.29,-85.88,2409.0,0.0,0.0,0.0,379.0,0.01
38.5,-99.31,16076.0,0.0,0.0,0.0,100229.0,0.09
39.03,-81.36,83.0,0.0,0.0,0.0,0.0,0.0
33.32,-83.34,0.0,0.0,0.0,0.0,0.0,0.0
32.67,-114.48,0.0,307.0,0.0,0.0,50313.0,0.03
43.4,-111.48,0.0,68414.0,0.0,0.0,49387.0,0.07
36.27,-100.27,10221.0,0.0,0.0,0.0,19445.0,0.07
27.4,-97.75,6362.0,0.0,0.0,0.0,0.0,0.02
36.74,-81.94,340.0,0.0,0.0,0.0,0.0,0.0
42.78,-111.61,0.0,55247.0,0.0,0.0,53628.0,0.04
47.21,-109.22,310.0,28052.0,0.0,0.0,138686.0,0.04
38.19,-77.67,1042.0,204.0,0.0,0.0,602.0,0.0
45.33,-120.22,0.0,1072.0,0.0,0.0,77453.0,0.02
38.01,-87.85,78985.0,0.0,0.0,0.0,17359.0,0.45
36.19,-86.79,0.0,0.0,0.0,0.0,0.0,0.0
39.84,-92.57,49475.0,0.0,0.0,0.0,4631.0,0.24
39.43,-83.84,63591.0,0.0,0.0,0.0,2758.0,0.36
36.89,-83.85,727.0,0.0,0.0,0.0,0.0,0.0
43.02,-76.23,18107.0,707.0,0.0,0.0,5290.0,0.08
34.77,-86.57,25499.0,0.0,0.0,0.0,19052.0,0.13
26.13,-97.41,29631.0,0.0,0.0,10370.0,0.0,2.08
35.5,-89.75,28863.0,0.0,0.0,0.0,9993.0,0.14
36.25,-101.89,105588.0,0.0,0.0,0.0,53131.0,0.62
43.85,-70.4,0.0,0.0,0.0,0.0,0.0,0.0
40.76,-73.96,2782.0,235.0,0.0,0.0,172.0,0.01
47.5,-93.62,803.0,10.0,0.0,0.0,0.0,0.0
33.2,-95.22,0.0,0.0,0.0,0.0,0.0,0.0
35.9,-98.42,0.0,0.0,0.0,0.0,146011.0,0.03
41.31,-93.57,63445.0,0.0,0.0,0.0,0.0,0.29
38.46,-96.17,37662.0,0.0,0.0,0.0,9925.0,0.12
44.01,-116.38,3931.0,543.0,0.0,0.0,1665.0,0.02
40.86,-74.97,17701.0,0.0,0.0,0.0,661.0,0.08
35.91,-79.05,3854.0,0.0,0.0,0.0,2198.0,0.02
37.47,-84.66,7525.0,69.0,0.0,0.0,236.0,0.04
42.04,-92.99,141425.0,0.0,0.0,0.0,0.0,0.86
33.18,-93.6,11869.0,0.0,4052.0,0.0,3255.0,0.18
40.11,-89.38,175138.0,0.0,0.0,0.0,778.0,1.07
36.25,-77.67,9833.0,0.0,0.0,0.0,5690.0,0.03
45.42,-91.85,73062.0,209.0,0.0,0.0,3255.0,0.31
36.45,-90.14,15917.0,0.0,32642.0,0.0,2079.0,1.53
43.97,-100.69,30790.0,2200.0,0.0,0.0,36587.0,0.1
39.39,-96.34,40926.0,0.0,0.0,0.0,5308.0,0.17
36.23,-76.21,16141.0,0.0,0.0,0.0,4520.0,0.08
32.52,-88.18,552.0,0.0,0.0,0.0,988.0,0.0
34.89,-84.27,611.0,0.0,0.0,0.0,0.0,0.0
42.67,-82.9,14525.0,0.0,0.0,0.0,1902.0,0.07
33.45,-88.41,8675.0,0.0,0.0,0.0,541.0,0.05
41.91,-100.56,0.0,0.0,0.0,0.0,0.0,0.0
36.91,-81.06,1479.0,0.0,0.0,0.0,0.0,0.01
39.55,-78.26,166.0,0.0,0.0,0.0,199.0,0.0
38.01,-78.61,1449.0,0.0,0.0,0.0,0.0,0.0
42.4,-74.64,2312.0,11.0,0.0,0.0,0.0,0.01
29.44,-97.51,4039.0,0.0,0.0,0.0,127.0,0.01
35.85,-82.69,0.0,0.0,0.0,0.0,0.0,0.0
38.18,-85.66,361.0,0.0,0.0,0.0,0.0,0.0
32.33,-96.79,65161.0,0.0,0.0,0.0,21375.0,0.2
37.69,-87.08,69601.0,0.0,0.0,0.0,3540.0,0.38
39.98,-91.21,170774.0,0.0,0.0,0.0,5149.0,0.91
40.98,-80.78,14165.0,129.0,0.0,0.0,3291.0,0.06
31.96,-83.44,588.0,0.0,0.0,0.0,0.0,0.0
39.61,-90.85,160812.0,0.0,0.0,0.0,3108.0,0.83
36.96,-93.17,114.0,0.0,0.0,0.0,0.0,0.0
41.94,-70.76,0.0,0.0,0.0,0.0,0.0,0.0
37.83,-79.46,1561.0,89.0,0.0,0.0,98.0,0.01
41.71,-81.24,0.0,0.0,0.0,0.0,38.0,0.0
40.72,-81.44,25188.0,38.0,0.0,0.0,5341.0,0.11
44.76,-96.67,64421.0,0.0,0.0,0.0,7824.0,0.3
31.35,-84.93,6131.0,0.0,0.0,0.0,2257.0,0.03
38.69,-79.34,1897.0,64.0,0.0,0.0,0.0,0.01
39.98,-94.81,56588.0,0.0,0.0,0.0,1633.0,0.25
36.44,-81.51,119.0,0.0,0.0,0.0,0.0,0.0
40.81,-85.78,79138.0,30.0,0.0,0.0,3641.0,0.38
31.08,-95.12,0.0,0.0,0.0,0.0,0.0,0.0
31.89,-89.93,2700.0,0.0,0.0,0.0,0.0,0.01
40.3,-110.47,2130.0,0.0,0.0,0.0,0.0,0.01
32.53,-93.89,21579.0,0.0,0.0,0.0,1012.0,0.1
40.78,-82.53,34055.0,278.0,0.0,0.0,4966.0,0.17
36.36,-89.17,58610.0,0.0,0.0,0.0,9580.0,0.29
41.74,-71.09,19.0,0.0,0.0,0.0,0.0,0.0
43.62,-86.28,20565.0,0.0,0.0,0.0,4080.0,0.08
39.69,-112.83,735.0,466.0,0.0,0.0,3902.0,0.0
38.53,-76.54,3088.0,45.0,0.0,0.0,1838.0,0.01
35.73,-81.66,1750.0,0.0,0.0,0.0,314.0,0.01
39.87,-104.27,42882.0,0.0,0.0,0.0,193026.0,0.16
36.68,-80.28,749.0,0.0,0.0,0.0,371.0,0.0
39.13,-84.98,3990.0,0.0,0.0,0.0,47.0,0.02
40.16,-99.43,106321.0,0.0,0.0,0.0,18465.0,0.51
41.67,-95.8,173293.0,0.0,0.0,0.0,0.0,0.94
34.02,-89.7,512.0,0.0,0.0,0.0,0.0,0.0
37.82,-86.75,4493.0,0.0,0.0,0.0,0.0,0.02
37.45,-88.88,4999.0,0.0,0.0,0.0,0.0,0.02
41.12,-85.5,60112.0,0.0,0.0,0.0,6905.0,0.31
44.38,-93.71,95406.0,0.0,0.0,0.0,661.0,0.55
48.0,-94.88,2057.0,232.0,0.0,0.0,6305.0,0.01
38.81,-89.9,121675.0,0.0,0.0,0.0,16331.0,0.59
43.07,-93.25,163843.0,0.0,0.0,0.0,0.0,0.91
30.29,-97.76,14828.0,0.0,0.0,0.0,1760.0,0.03
34.65,-79.1,62492.0,0.0,0.0,0.0,24200.0,0.24
42.13,-72.61,0.0,0.0,0.0,0.0,0.0,0.0
40.4,-76.81,15180.0,603.0,0.0,0.0,3188.0,0.07
43.65,-92.06,136887.0,226.0,0.0,0.0,0.0,0.79
37.55,-79.8,1602.0,0.0,0.0,0.0,241.0,0.01
33.32,-93.87,10447.0,0.0,0.0,0.0,8574.0,0.04
39.8,-99.35,71582.0,0.0,0.0,0.0,66640.0,0.25
38.91,-78.21,360.0,0.0,0.0,0.0,109.0,0.0
39.92,-75.4,0.0,0.0,0.0,0.0,0.0,0.0
46.02,-86.9,1589.0,802.0,0.0,0.0,294.0,0.01
39.46,-82.55,2443.0,0.0,0.0,0.0,182.0,0.01
38.33,-84.02,1432.0,0.0,0.0,0.0,68.0,0.01
35.56,-93.46,1537.0,0.0,0.0,0.0,0.0,0.01
43.08,-95.14,145604.0,0.0,0.0,0.0,0.0,0.81
37.74,-75.67,18890.0,592.0,0.0,0.0,7938.0,0.1
41.27,-111.89,89.0,591.0,0.0,0.0,862.0,0.0
45.84,-88.39,0.0,0.0,0.0,0.0,0.0,0.0
42.73,-93.25,195225.0,0.0,0.0,0.0,0.0,1.12
33.52,-84.36,0.0,0.0,0.0,0.0,0.0,0.0
32.96,-82.77,3408.0,0.0,0.0,0.0,855.0,0.02
33.52,-86.92,114.0,0.0,0.0,0.0,0.0,0.0
39.55,-76.3,16917.0,1401.0,0.0,0.0,3906.0,0.09
37.12,-82.85,20.0,0.0,0.0,0.0,0.0,0.0
37.93,-98.11,47187.0,131.0,0.0,0.0,220397.0,0.22
34.72,-88.23,22.0,0.0,0.0,0.0,0.0,0.0
46.93,-95.68,59859.0,69.0,0.0,0.0,29990.0,0.29
32.86,-87.99,34.0,0.0,0.0,0.0,0.0,0.0
42.64,-77.11,11226.0,589.0,0.0,0.0,4575.0,0.06
35.39,-100.26,962.0,0.0,0.0,0.0,5638.0,0.01
42.95,-85.98,41952.0,0.0,0.0,0.0,4070.0,0.2
37.1,-85.29,5696.0,0.0,0.0,0.0,0.0,0.03
41.32,-92.19,107929.0,0.0,0.0,0.0,235.0,0.55
48.24,-98.71,65718.0,31443.0,0.0,0.0,141694.0,0.29
31.84,-102.01,2176.0,0.0,0.0,0.0,310.0,0.01
36.51,-87.83,1766.0,0.0,0.0,0.0,0.0,0.01
44.67,-93.04,103411.0,244.0,0.0,0.0,620.0,0.58
38.84,-86.49,19216.0,60.0,0.0,0.0,0.0,0.09
33.27,-85.47,1262.0,0.0,0.0,0.0,0.0,0.0
37.54,-85.27,9514.0,0.0,0.0,0.0,1303.0,0.05
40.0,-79.04,23062.0,264.0,0.0,0.0,3296.0,0.08
39.21,-84.55,1893.0,0.0,0.0,0.0,0.0,0.01
38.22,-85.21,18408.0,0.0,0.0,0.0,2354.0,0.09
45.93,-93.64,30423.0,0.0,0.0,0.0,492.0,0.12
45.39,-96.36,96272.0,0.0,0.0,0.0,11930.0,0.49
44.73,-117.62,81.0,730.0,0.0,0.0,12595.0,0.01
44.71,-68.3,5.0,0.0,0.0,0.0,0.0,0.0
43.77,-111.63,0.0,37668.0,0.0,0.0,46132.0,0.06
29.81,-95.37,4913.0,0.0,0.0,0.0,472.0,0.02
31.56,-87.38,1317.0,0.0,0.0,0.0,343.0,0.01
41.31,-92.65,122145.0,0.0,0.0,0.0,0.0,0.6
34.83,-86.99,16886.0,270.0,0.0,0.0,24282.0,0.1
47.17,-123.87,0.0,0.0,0.0,0.0,1067.0,0.0
39.81,-85.79,71657.0,0.0,0.0,0.0,3395.0,0.32
36.63,-88.27,29607.0,0.0,0.0,0.0,9573.0,0.13
35.7,-96.89,1284.0,0.0,0.0,0.0,3365.0,0.0
34.94,-99.02,0.0,3363.0,0.0,0.0,160521.0,0.03
39.93,-85.4,58209.0,0.0,0.0,0.0,1828.0,0.29
47.44,-97.18,121132.0,12857.0,0.0,0.0,79795.0,0.59
45.21,-90.49,23613.0,0.0,0.0,0.0,746.0,0.08
26.63,-80.45,129.0,0.0,0.0,275442.0,0.0,61.74
37.46,-96.25,6157.0,0.0,0.0,0.0,1458.0,0.02
41.22,-98.99,78614.0,0.0,0.0,0.0,223.0,0.42
39.64,-104.36,0.0,0.0,0.0,0.0,35106.0,0.01
35.14,-83.4,26.0,0.0,0.0,0.0,0.0,0.0
41.67,-91.58,127216.0,0.0,0.0,0.0,147.0,0.72
39.33,-80.04,5.0,0.0,0.0,0.0,0.0,0.0
36.7,-93.82,10564.0,0.0,0.0,0.0,3749.0,0.04
39.17,-86.23,604.0,0.0,0.0,0.0,0.0,0.0
39.35,-83.08,46351.0,64.0,0.0,0.0,8163.0,0.24
39.64,-82.2,17325.0,0.0,0.0,0.0,852.0,0.08
44.94,-98.37,276984.0,941.0,0.0,0.0,37204.0,1.19
38.51,-122.85,12.0,0.0,0.0,0.0,373.0,0.0
44.3,-90.81,44138.0,0.0,0.0,0.0,296.0,0.2
33.92,-78.96,19087.0,0.0,0.0,0.0,4477.0,0.07
44.11,-69.54,0.0,0.0,0.0,0.0,0.0,0.0
44.41,-91.75,60689.0,694.0,0.0,0.0,118.0,0.29
38.09,-106.36,0.0,14116.0,0.0,0.0,2239.0,0.02
43.66,-93.95,197833.0,129.0,0.0,0.0,0.0,1.17
39.23,-76.92,4669.0,116.0,0.0,0.0,984.0,0.02
42.02,-94.86,174669.0,0.0,0.0,0.0,0.0,1.01
40.39,-86.89,91749.0,0.0,0.0,0.0,2908.0,0.48
38.25,-104.61,3601.0,0.0,0.0,0.0,0.0,0.02
34.63,-83.5,184.0,0.0,0.0,0.0,0.0,0.0
36.91,-77.27,7365.0,0.0,0.0,0.0,4386.0,0.03
42.94,-84.15,44077.0,0.0,0.0,0.0,17155.0,0.19
47.57,-118.36,728.0,11092.0,0.0,0.0,343833.0,0.16
39.46,-80.87,26.0,0.0,0.0,0.0,0.0,0.0
42.94,-82.63,26077.0,0.0,0.0,0.0,8445.0,0.13
33.39,-95.67,10176.0,0.0,0.0,0.0,8797.0,0.04
31.62,-88.69,1082.0,0.0,0.0,0.0,0.0,0.0
31.4,-86.94,1367.0,0.0,0.0,0.0,0.0,0.0
44.64,-92.01,22041.0,162.0,0.0,0.0,0.0,0.11
41.24,-85.85,101074.0,0.0,0.0,0.0,4068.0,0.52
43.37,-94.67,110527.0,0.0,0.0,0.0,0.0,0.63
44.61,-72.67,0.0,0.0,0.0,0.0,0.0,0.0
37.45,-76.56,5400.0,0.0,0.0,0.0,440.0,0.02
43.36,-72.24,0.0,0.0,0.0,0.0,0.0,0.0
32.08,-93.31,2465.0,0.0,0.0,0.0,0.0,0.01
29.28,-99.11,24560.0,0.0,0.0,0.0,9273.0,0.08
37.56,-100.88,106807.0,0.0,0.0,0.0,51518.0,0.54
30.09,-83.64,30.0,0.0,0.0,0.0,0.0,0.0
45.6,-97.0,157139.0,692.0,0.0,0.0,14087.0,0.75
41.28,-83.66,79619.0,0.0,0.0,0.0,19673.0,0.39
43.37,-88.24,29667.0,166.0,0.0,0.0,5211.0,0.13
31.37,-102.04,600.0,0.0,0.0,0.0,4480.0,0.0
43.18,-100.74,5530.0,0.0,0.0,0.0,5012.0,0.02
35.2,-82.77,292.0,0.0,0.0,0.0,0.0,0.0
44.64,-85.58,4022.0,767.0,0.0,0.0,1195.0,0.02
42.35,-89.67,153010.0,0.0,0.0,0.0,2480.0,0.87
31.98,-91.37,44682.0,0.0,1549.0,0.0,0.0,0.29
44.81,-91.5,36879.0,0.0,0.0,0.0,389.0,0.16
43.32,-92.87,146369.0,0.0,0.0,0.0,0.0,0.87
37.05,-79.88,4660.0,632.0,0.0,0.0,1793.0,0.02
34.73,-88.91,2026.0,0.0,0.0,0.0,0.0,0.01
43.67,-95.15,159138.0,0.0,0.0,0.0,90.0,0.89
41.3,-96.14,35704.0,0.0,0.0,0.0,1338.0,0.16
36.78,-77.87,1012.0,0.0,0.0,0.0,666.0,0.0
34.64,-105.91,0.0,0.0,0.0,0.0,762.0,0.0
43.71,-87.94,31063.0,149.0,0.0,0.0,8307.0,0.16
40.46,-92.52,11073.0,0.0,0.0,0.0,199.0,0.05
39.85,-80.66,109.0,0.0,0.0,0.0,0.0,0.0
35.26,-77.65,23360.0,0.0,0.0,0.0,7607.0,0.09
38.92,-103.49,32484.0,0.0,0.0,0.0,126768.0,0.09
47.44,-97.75,90667.0,10090.0,0.0,0.0,36883.0,0.44
32.67,-93.6,2243.0,0.0,0.0,0.0,365.0,0.01
44.76,-87.53,15371.0,513.0,0.0,0.0,8790.0,0.07
38.52,-83.34,1675.0,0.0,0.0,0.0,0.0,0.01
44.61,-121.25,176.0,51.0,0.0,0.0,4482.0,0.0
34.9,-94.98,2470.0,0.0,0.0,0.0,3946.0,0.01
31.88,-97.66,3965.0,0.0,0.0,0.0,5035.0,0.01
36.01,-91.17,6931.0,0.0,80652.0,0.0,406.0,3.41
45.77,-122.49,8.0,0.0,0.0,0.0,0.0,0.0
32.47,-83.63,1206.0,0.0,0.0,0.0,716.0,0.01
36.35,-94.27,407.0,0.0,0.0,0.0,615.0,0.0
42.59,-97.24,187446.0,0.0,0.0,0.0,151.0,0.96
41.71,-98.05,161778.0,0.0,0.0,0.0,0.0,0.86
36.09,-79.79,2485.0,345.0,0.0,0.0,4544.0,0.01
38.67,-85.74,16700.0,0.0,0.0,0.0,0.0,0.09
41.67,-91.58,118135.0,0.0,0.0,0.0,391.0,0.7
47.46,-98.88,68561.0,11354.0,0.0,0.0,41696.0,0.27
43.67,-101.66,9895.0,0.0,0.0,0.0,22733.0,0.02
31.01,-97.43,67409.0,0.0,0.0,0.0,14635.0,0.21
43.0,-114.83,12533.0,1579.0,0.0,0.0,3684.0,0.07
44.0,-92.38,110854.0,108.0,0.0,0.0,121.0,0.65
30.3,-94.4,5.0,0.0,0.0,0.0,0.0,0.0
35.36,-83.83,8.0,0.0,0.0,0.0,0.0,0.0
43.67,-96.78,139203.0,0.0,0.0,0.0,213.0,0.73
39.3,-78.62,534.0,0.0,0.0,0.0,0.0,0.0
42.02,-88.11,0.0,0.0,0.0,0.0,0.0,0.0
35.37,-101.88,0.0,0.0,0.0,0.0,11278.0,0.0
37.33,-90.03,8238.0,0.0,0.0,0.0,2283.0,0.04
44.38,-96.79,116563.0,0.0,0.0,0.0,4229.0,0.61
37.94,-83.6,71.0,0.0,0.0,0.0,0.0,0.0
44.52,-87.63,22846.0,146.0,0.0,0.0,9975.0,0.11
41.76,-91.13,161030.0,0.0,0.0,0.0,285.0,1.0
33.59,-100.22,0.0,0.0,0.0,0.0,0.0,0.0
36.7,-77.16,15561.0,0.0,0.0,0.0,3003.0,0.07
41.68,-80.95,22967.0,0.0,0.0,0.0,1667.0,0.11
32.55,-83.84,160.0,0.0,0.0,0.0,0.0,0.0
36.5,-81.13,468.0,0.0,0.0,0.0,0.0,0.0
41.56,-101.08,1741.0,0.0,0.0,0.0,0.0,0.01
35.25,-87.81,3412.0,0.0,0.0,0.0,251.0,0.01
39.92,-78.13,5769.0,798.0,0.0,0.0,870.0,0.02
38.8,-82.36,4490.0,0.0,0.0,0.0,134.0,0.02
43.37,-93.73,123939.0,0.0,0.0,0.0,0.0,0.73
31.29,-100.98,0.0,0.0,0.0,0.0,630.0,0.0
48.22,-122.68,0.0,0.0,0.0,0.0,0.0,0.0
41.7,-80.14,22920.0,131.0,0.0,0.0,1271.0,0.09
38.27,-90.18,49625.0,0.0,0.0,0.0,23522.0,0.2
34.98,-97.48,5476.0,0.0,0.0,0.0,9158.0,0.01
46.22,-96.95,305542.0,639.0,0.0,0.0,54406.0,1.54
39.1,-120.77,0.0,0.0,5815.0,0.0,0.0,0.29
34.06,-106.89,0.0,0.0,0.0,0.0,0.0,0.0
40.69,-80.37,3809.0,81.0,0.0,0.0,329.0,0.01
47.06,-108.28,0.0,2887.0,0.0,0.0,15135.0,0.0
37.36,-78.83,534.0,0.0,0.0,0.0,814.0,0.0
45.02,-88.71,0.0,0.0,0.0,0.0,0.0,0.0
43.37,-96.21,168801.0,0.0,0.0,0.0,300.0,1.01
41.65,-83.62,23948.0,0.0,0.0,0.0,4067.0,0.12
37.35,-108.63,3578.0,225.0,0.0,0.0,18115.0,0.02
43.97,-94.64,123668.0,0.0,0.0,0.0,318.0,0.76
39.42,-87.4,44369.0,0.0,0.0,0.0,669.0,0.23
36.02,-87.77,2595.0,0.0,0.0,0.0,0.0,0.01
41.04,-76.42,21275.0,0.0,0.0,0.0,4221.0,0.09
41.7,-72.16,370.0,0.0,0.0,0.0,0.0,0.0
30.04,-98.04,5310.0,0.0,0.0,0.0,198.0,0.01
34.46,-84.47,15.0,0.0,0.0,0.0,0.0,0.0
37.87,-99.32,55709.0,0.0,0.0,0.0,87025.0,0.28
42.68,-112.89,11643.0,3476.0,0.0,0.0,115990.0,0.13
35.18,-94.27,0.0,0.0,0.0,0.0,0.0,0.0
29.97,-82.16,0.0,0.0,0.0,0.0,0.0,0.0
37.73,-85.18,3692.0,0.0,0.0,0.0,654.0,0.02
35.83,-100.26,0.0,0.0,0.0,0.0,3784.0,0.0
42.42,-99.46,20333.0,0.0,0.0,0.0,0.0,0.11
46.45,-97.69,114661.0,0.0,0.0,0.0,29143.0,0.59
47.71,-98.91,31010.0,3789.0,0.0,0.0,42829.0,0.13
48.82,-100.84,33095.0,20219.0,0.0,0.0,275185.0,0.19
44.44,-88.02,25663.0,85.0,0.0,0.0,7632.0,0.11
43.68,-92.75,210179.0,349.0,0.0,0.0,118.0,1.24
35.03,-79.24,7385.0,0.0,0.0,0.0,2379.0,0.03
38.31,-112.1,0.0,260.0,0.0,0.0,0.0,0.0
40.33,-83.37,53871.0,0.0,0.0,0.0,7910.0,0.29
37.93,-86.19,16047.0,0.0,0.0,0.0,1029.0,0.08
43.28,-78.71,23327.0,0.0,0.0,0.0,9261.0,0.11
29.94,-96.0,4399.0,0.0,7330.0,0.0,0.0,0.53
43.37,-93.27,114024.0,0.0,0.0,0.0,0.0,0.67
32.1,-85.71,1292.0,0.0,0.0,0.0,0.0,0.0
35.75,-84.32,2696.0,0.0,0.0,0.0,1741.0,0.01
42.38,-94.63,173126.0,0.0,0.0,0.0,0.0,0.92
36.08,-81.92,60.0,0.0,0.0,0.0,0.0,0.0
39.44,-93.52,98334.0,0.0,0.0,0.0,3321.0,0.48
39.13,-79.56,156.0,0.0,0.0,0.0,0.0,0.0
39.1,-77.67,5965.0,0.0,0.0,0.0,1293.0,0.02
39.32,-75.16,6403.0,119.0,0.0,0.0,3149.0,0.03
35.5,-94.74,8353.0,0.0,0.0,0.0,7642.0,0.04
48.77,-95.77,12289.0,9689.0,0.0,0.0,74791.0,0.08
37.75,-81.23,33.0,0.0,0.0,0.0,0.0,0.0
36.17,-76.43,14056.0,0.0,0.0,0.0,12826.0,0.06
33.49,-80.86,37577.0,0.0,0.0,0.0,3903.0,0.14
42.74,-96.22,221661.0,0.0,0.0,0.0,64.0,1.25
41.21,-91.27,79809.0,0.0,0.0,0.0,0.0,0.48
38.29,-93.3,8673.0,0.0,0.0,0.0,2705.0,0.04
31.3,-82.88,2802.0,0.0,0.0,0.0,0.0,0.02
42.85,-91.37,156476.0,0.0,0.0,0.0,113.0,0.89
41.91,-101.16,0.0,0.0,0.0,0.0,0.0,0.0
40.38,-95.85,102597.0,16.0,0.0,0.0,1533.0,0.49
38.47,-98.78,32632.0,0.0,0.0,0.0,150286.0,0.17
38.97,-91.48,41447.0,0.0,0.0,0.0,9336.0,0.21
40.87,-82.91,86288.0,0.0,0.0,0.0,10312.0,0.45
45.29,-68.6,0.0,0.0,0.0,0.0,0.0,0.0
39.81,-91.63,71351.0,0.0,0.0,0.0,2920.0,0.31
46.91,-104.22,1114.0,1168.0,0.0,0.0,23235.0,0.0
41.23,-98.52,98472.0,0.0,0.0,0.0,1574.0,0.5
33.42,-94.45,3327.0,0.0,0.0,0.0,2050.0,0.02
41.43,-118.2,0.0,0.0,0.0,0.0,0.0,0.0
34.33,-81.58,1227.0,0.0,0.0,0.0,1774.0,0.0
36.48,-108.3,0.0,0.0,0.0,0.0,0.0,0.0
34.53,-77.9,11638.0,0.0,0.0,0.0,2673.0,0.05
36.91,-94.34,5139.0,198.0,0.0,0.0,5642.0,0.02
44.72,-90.62,63646.0,1165.0,0.0,0.0,3751.0,0.24
45.43,-92.41,54135.0,294.0,0.0,0.0,566.0,0.24
36.4,-79.34,1533.0,0.0,0.0,0.0,1820.0,0.01
42.59,-85.32,32789.0,0.0,0.0,0.0,4416.0,0.15
37.72,-100.44,84825.0,0.0,0.0,0.0,96280.0,0.46
34.85,-76.59,0.0,0.0,0.0,0.0,345.0,0.0
39.42,-84.59,28997.0,0.0,0.0,0.0,2552.0,0.13
48.25,-101.62,26408.0,15316.0,0.0,0.0,342337.0,0.16
32.63,-90.0,8312.0,0.0,0.0,0.0,185.0,0.04
42.24,-84.43,44352.0,45.0,0.0,0.0,6219.0,0.16
39.62,-84.93,31328.0,0.0,0.0,0.0,362.0,0.16
35.63,-82.53,429.0,51.0,0.0,0.0,0.0,0.0
38.82,-81.66,133.0,0.0,0.0,0.0,27.0,0.0
37.02,-82.61,97.0,0.0,0.0,0.0,0.0,0.0
39.67,-83.04,105880.0,69.0,0.0,0.0,9386.0,0.55
42.4,-122.75,17.0,79.0,0.0,0.0,221.0,0.0
36.09,-90.58,24635.0,0.0,74536.0,0.0,2209.0,3.58
43.63,-84.85,35146.0,253.0,0.0,0.0,11480.0,0.16
41.73,-84.83,47279.0,0.0,0.0,0.0,565.0,0.26
37.52,-83.29,69.0,0.0,0.0,0.0,0.0,0.0
40.51,-97.18,153803.0,0.0,0.0,0.0,3536.0,0.73
34.71,-96.68,99.0,0.0,0.0,0.0,206.0,0.0
44.68,-84.15,448.0,70.0,0.0,0.0,0.0,0.0
29.71,-82.8,1098.0,0.0,0.0,0.0,0.0,0.01
21.3,-157.86,3381.0,0.0,0.0,9.0,0.0,0.01
37.42,-83.99,117.0,0.0,0.0,0.0,0.0,0.0
42.11,-111.82,2318.0,5870.0,0.0,0.0,17560.0,0.02
38.7,-80.7,73.0,0.0,0.0,0.0,0.0,0.0
43.42,-83.95,100075.0,0.0,0.0,0.0,20837.0,0.47
40.17,-97.63,128948.0,0.0,0.0,0.0,6688.0,0.67
29.98,-91.75,0.0,0.0,2292.0,51891.0,0.0,9.12
42.26,-74.09,189.0,0.0,0.0,0.0,36.0,0.0
36.79,-98.83,0.0,0.0,0.0,0.0,129712.0,0.03
35.17,-84.86,1191.0,0.0,0.0,0.0,471.0,0.0
37.19,-101.31,128107.0,0.0,0.0,0.0,59070.0,0.64
39.56,-84.3,12613.0,0.0,0.0,0.0,1645.0,0.06
38.03,-77.36,11788.0,0.0,0.0,0.0,5775.0,0.05
40.44,-90.68,136868.0,0.0,0.0,0.0,235.0,0.85
37.78,-96.85,85001.0,0.0,0.0,0.0,39873.0,0.3
36.3,-95.24,1227.0,0.0,0.0,0.0,5046.0,0.0
38.69,-75.37,111890.0,8178.0,0.0,0.0,22695.0,0.57
35.64,-88.39,7266.0,0.0,0.0,0.0,2078.0,0.03
43.23,-98.62,118035.0,160.0,0.0,0.0,44489.0,0.43
29.3,-99.77,15165.0,0.0,0.0,0.0,8628.0,0.07
41.07,-84.17,79496.0,204.0,0.0,0.0,30033.0,0.41
32.35,-84.53,803.0,0.0,0.0,0.0,0.0,0.0
28.38,-99.72,0.0,0.0,0.0,0.0,0.0,0.0
39.85,-88.96,129044.0,0.0,0.0,0.0,1363.0,0.77
47.53,-100.37,27514.0,16515.0,0.0,0.0,110063.0,0.11
22.05,-159.56,876.0,0.0,0.0,3.0,0.0,0.0
39.6,-75.35,18099.0,427.0,0.0,0.0,4986.0,0.09
43.66,-95.75,185989.0,0.0,0.0,0.0,493.0,1.02
39.61,-118.42,0.0,0.0,0.0,0.0,432.0,0.0
33.16,-79.91,3143.0,0.0,0.0,0.0,592.0,0.01
43.66,-91.47,43258.0,40.0,0.0,0.0,45.0,0.23
47.21,-112.48,0.0,8502.0,0.0,0.0,10173.0,0.01
39.07,-79.21,243.0,0.0,0.0,0.0,0.0,0.0
31.76,-85.93,2140.0,0.0,0.0,0.0,0.0,0.01
45.07,-99.17,121429.0,0.0,0.0,0.0,28400.0,0.43
33.36,-89.24,923.0,0.0,0.0,0.0,0.0,0.0
38.46,-89.93,92737.0,0.0,0.0,0.0,14931.0,0.42
33.04,-84.67,110.0,0.0,0.0,0.0,0.0,0.0
33.21,-97.66,16.0,0.0,0.0,0.0,4317.0,0.0
39.35,-101.08,226689.0,0.0,0.0,0.0,100920.0,0.86
31.4,-94.18,13.0,0.0,0.0,0.0,0.0,0.0
37.2,-99.81,1577.0,0.0,0.0,0.0,41716.0,0.02
43.0,-85.55,39658.0,106.0,0.0,0.0,6102.0,0.17
37.69,-83.04,47.0,9.0,0.0,0.0,0.0,0.0
31.78,-82.3,4000.0,0.0,0.0,0.0,1672.0,0.02
34.03,-102.81,8683.0,0.0,0.0,0.0,14610.0,0.04
42.26,-71.8,221.0,0.0,0.0,0.0,0.0,0.0
37.84,-92.22,0.0,0.0,0.0,0.0,0.0,0.0
41.59,-88.43,67769.0,0.0,0.0,0.0,506.0,0.39
38.12,-83.72,1650.0,0.0,0.0,0.0,0.0,0.01
29.43,-98.51,8829.0,0.0,0.0,0.0,5694.0,0.02
38.97,-76.57,3359.0,0.0,0.0,0.0,1078.0,0.02
39.85,-80.25,631.0,0.0,0.0,0.0,0.0,0.0
29.68,-82.36,1813.0,0.0,0.0,13.0,0.0,0.01
40.59,-102.37,118783.0,0.0,0.0,0.0,95730.0,0.54
42.13,-76.33,4255.0,0.0,0.0,0.0,0.0,0.02
37.6,-79.15,0.0,0.0,0.0,0.0,0.0,0.0
41.67,-94.5,112718.0,0.0,0.0,0.0,0.0,0.62
43.88,-71.27,0.0,0.0,0.0,0.0,0.0,0.0
48.77,-96.81,18449.0,3251.0,0.0,0.0,96775.0,0.12
38.49,-81.92,75.0,6.0,0.0,0.0,0.0,0.0
43.64,-85.32,19406.0,0.0,0.0,0.0,3052.0,0.08
42.35,-79.32,9707.0,0.0,0.0,0.0,2144.0,0.04
41.44,-75.63,1530.0,0.0,0.0,0.0,0.0,0.01
31.69,-96.16,0.0,0.0,0.0,0.0,0.0,0.0
34.48,-87.3,22925.0,0.0,0.0,0.0,13349.0,0.12
38.04,-98.72,68859.0,0.0,0.0,0.0,123046.0,0.29
48.0,-123.74,0.0,568.0,0.0,0.0,0.0,0.0
40.39,-96.28,53740.0,0.0,0.0,0.0,1871.0,0.24
45.46,-107.52,1841.0,11129.0,0.0,0.0,57213.0,0.03
36.34,-89.47,11220.0,0.0,0.0,0.0,10100.0,0.07
38.06,-93.79,14330.0,0.0,0.0,0.0,7780.0,0.06
38.28,-80.77,0.0,0.0,0.0,0.0,0.0,0.0
44.42,-98.28,195099.0,0.0,0.0,0.0,13909.0,0.77
27.7,-80.59,1218.0,0.0,0.0,0.0,750.0,0.01
45.42,-99.22,172578.0,0.0,0.0,0.0,42152.0,0.6
31.23,-103.66,0.0,0.0,0.0,0.0,392.0,0.0
39.39,-87.1,60095.0,0.0,0.0,0.0,1095.0,0.32
43.01,-73.15,0.0,0.0,0.0,0.0,0.0,0.0
40.41,-93.58,18881.0,0.0,0.0,0.0,724.0,0.08
32.38,-97.36,21843.0,0.0,0.0,0.0,15826.0,0.06
44.97,-97.2,75042.0,0.0,0.0,0.0,21082.0,0.37
42.46,-91.84,192370.0,0.0,0.0,0.0,0.0,1.15
36.4,-103.41,8067.0,0.0,0.0,0.0,5700.0,0.04
38.17,-91.93,2156.0,171.0,0.0,0.0,610.0,0.01
34.75,-99.84,0.0,0.0,0.0,0.0,33768.0,0.01
41.61,-86.72,117897.0,0.0,0.0,0.0,4142.0,0.56
37.58,-105.79,0.0,10666.0,0.0,0.0,1525.0,0.01
39.11,-83.06,14400.0,0.0,0.0,0.0,1126.0,0.07
46.68,-68.47,961.0,14979.0,0.0,0.0,0.0,0.01
44.08,-98.62,60280.0,0.0,0.0,0.0,7577.0,0.19
46.2,-122.69,0.0,0.0,0.0,0.0,290.0,0.0
45.99,-87.89,208.0,0.0,0.0,0.0,0.0,0.0
37.75,-88.23,74482.0,0.0,0.0,0.0,5058.0,0.41
39.78,-95.18,67187.0,0.0,0.0,0.0,312.0,0.36
34.49,-102.77,24624.0,5272.0,0.0,0.0,54087.0,0.13
31.95,-87.3,769.0,0.0,0.0,0.0,0.0,0.0
41.42,-88.0,88990.0,0.0,0.0,0.0,3623.0,0.49
33.51,-89.62,2661.0,0.0,0.0,0.0,0.0,0.01
28.65,-97.44,8698.0,0.0,0.0,0.0,0.0,0.02
32.79,-91.46,30072.0,0.0,589.0,0.0,0.0,0.19
34.27,-88.69,3238.0,0.0,0.0,0.0,0.0,0.01
37.24,-113.53,0.0,0.0,0.0,0.0,0.0,0.0
41.13,-74.69,2697.0,0.0,0.0,0.0,75.0,0.01
34.25,-99.73,0.0,0.0,0.0,0.0,35876.0,0.0
37.54,-98.12,10726.0,0.0,0.0,0.0,173340.0,0.09
35.3,-83.14,0.0,0.0,0.0,0.0,0.0,0.0
39.15,-122.22,3460.0,0.0,125348.0,0.0,6963.0,5.61
35.68,-85.45,89.0,0.0,0.0,0.0,0.0,0.0
40.12,-96.26,68323.0,0.0,0.0,0.0,1521.0,0.25
31.03,-83.08,1671.0,0.0,0.0,0.0,0.0,0.01
32.39,-88.69,21.0,0.0,0.0,0.0,0.0,0.0
42.04,-89.31,203932.0,0.0,0.0,0.0,1980.0,1.19
36.11,-82.44,39.0,0.0,0.0,0.0,0.0,0.0
36.41,-80.7,13069.0,0.0,0.0,0.0,2675.0,0.05
45.14,-95.0,169607.0,116.0,0.0,0.0,2482.0,0.93
47.33,-95.81,49366.0,0.0,0.0,0.0,24808.0,0.22
39.87,-93.11,29965.0,6.0,0.0,0.0,5596.0,0.13
36.98,-86.42,35003.0,0.0,0.0,0.0,16672.0,0.19
